=== Krawl-http (11:58:20Z)
site resolved: krawl-http (alias Krawl-lab, telemetry_dir /telemetry)
+ docker network create uhbs-lab
Error response from daemon: network with name uhbs-lab already exists
+ docker rm -f uhbs-target-Krawl-http
+ docker run -d --name uhbs-target-Krawl-http --label uhbs.unit=Krawl-http --network uhbs-lab --network-alias Krawl-lab -v /Users/mz/Projects/uhbs-standard/.local/labs/Krawl-telemetry:/telemetry:rw krawl:uhbs-lab
9798e20b6184e39fc809f4599daca88ee051cb0f6da18e5420d147b856930674
+ docker run --rm --network uhbs-lab -v /Users/mz/Projects/uhbs-standard:/work -w /work --entrypoint python3 uhbs:5.0.1 scripts/preflight_unit.py --inventory /work/docs/conformance/labs/Krawl/inventory.yaml --site krawl-http --json --timeout 3.0 --tps /work/docs/conformance/labs/Krawl/web_api_http_full.yaml
preflight attempt 1: http:port_closed
+ docker run --rm --network uhbs-lab -v /Users/mz/Projects/uhbs-standard:/work -w /work --entrypoint python3 uhbs:5.0.1 scripts/preflight_unit.py --inventory /work/docs/conformance/labs/Krawl/inventory.yaml --site krawl-http --json --timeout 3.0 --tps /work/docs/conformance/labs/Krawl/web_api_http_full.yaml
preflight PASS: [{"protocol": "http", "host": "Krawl-lab", "port": 5000, "reachable": true, "class": "reachable", "detail": "tcp connect ok"}]
=== grading Krawl-http [quick] -> docs/conformance/latest/results-5.0.1/Krawl/http/quick
graded ok; log: docs/conformance/latest/results-5.0.1/Krawl/http/quick/uhbs-run.log
+ /Users/mz/Projects/uhbs-standard/.venv/bin/python /Users/mz/Projects/uhbs-standard/scripts/tracker.py log-run-start --unit-id Krawl-http --mode quick --uhbs-version 5.0.1 --grader-image uhbs:5.0.1 --target-image krawl:uhbs-lab --telemetry-mode mounted --airgap-attested
{"ok": true, "run_id": "47d0cb2d6d80428f8ada2f2fff80af78", "unit_id": "Krawl-http", "run_mode": "quick", "started_at": "2026-09-28T11:58:32Z"}
+ /Users/mz/Projects/uhbs-standard/.venv/bin/python /Users/mz/Projects/uhbs-standard/scripts/tracker.py log-run-finish --unit-id Krawl-http --mode quick --out-dir /Users/mz/Projects/uhbs-standard/docs/conformance/latest/results-5.0.1/Krawl/http/quick
{"ok": true, "run_id": "47d0cb2d6d80428f8ada2f2fff80af78", "unit_id": "Krawl-http", "run_mode": "quick", "run_status": "succeeded", "artifacts": [{"artifact_id": "61753b90647d46daa33549ab0fefd6b1", "type": "readme", "exists": true}, {"artifact_id": "3b5060f061064509aaec2b955e12729b", "type": "scorecard", "exists": true}, {"artifact_id": "e0ad24dd9d3f4b5bb86de9198e34d540", "type": "report_txt", "exists": true}, {"artifact_id": "e99189e666f84e4f92f4e8fa06605d16", "type": "report_json", "exists": true}, {"artifact_id": "bcee931375a54ea0a89a8e727d7b2379", "type": "manifest", "exists": true}, {"artifact_id": "e67ddf056023449fb0a1b604dca16ab4", "type": "run_meta", "exists": true}, {"artifact_id": "ce7f71c1c7de451a8830ee2086edb9eb", "type": "run_log", "exists": true}]}
=== grading Krawl-http [full] -> docs/conformance/latest/results-5.0.1/Krawl/http/full
graded ok; log: docs/conformance/latest/results-5.0.1/Krawl/http/full/uhbs-run.log
+ /Users/mz/Projects/uhbs-standard/.venv/bin/python /Users/mz/Projects/uhbs-standard/scripts/tracker.py log-run-start --unit-id Krawl-http --mode full --uhbs-version 5.0.1 --grader-image uhbs:5.0.1-full --target-image krawl:uhbs-lab --telemetry-mode mounted --airgap-attested
{"ok": true, "run_id": "7ba11a11515647e0844bf49e1ba0f00b", "unit_id": "Krawl-http", "run_mode": "full", "started_at": "2026-09-28T11:59:26Z"}
+ /Users/mz/Projects/uhbs-standard/.venv/bin/python /Users/mz/Projects/uhbs-standard/scripts/tracker.py log-run-finish --unit-id Krawl-http --mode full --out-dir /Users/mz/Projects/uhbs-standard/docs/conformance/latest/results-5.0.1/Krawl/http/full --cast-path /Users/mz/Projects/uhbs-standard/docs/conformance/latest/results-5.0.1/Krawl/http/full/proof/full-run.cast
{"ok": true, "run_id": "7ba11a11515647e0844bf49e1ba0f00b", "unit_id": "Krawl-http", "run_mode": "full", "run_status": "succeeded", "artifacts": [{"artifact_id": "64efde58764d4b15add1526cfbb33ee7", "type": "readme", "exists": true}, {"artifact_id": "cf8a8cade2a54c01818acd7a32d883c1", "type": "scorecard", "exists": true}, {"artifact_id": "db7f531bd1674e72a7832ac66e7b213e", "type": "report_txt", "exists": true}, {"artifact_id": "e667323c264e45bab0ac8676b4b315e1", "type": "report_json", "exists": true}, {"artifact_id": "adb2faad3092407ea0844f3ef04c6f55", "type": "manifest", "exists": true}, {"artifact_id": "b9d8dc4549df4edcb6e5e5eabbb3bf80", "type": "run_meta", "exists": true}, {"artifact_id": "9d6cbd7e171f4b68b11c7062799a4818", "type": "run_log", "exists": true}, {"artifact_id": "07022e57adc24534a4258577856d86f5", "type": "cast", "exists": true}]}
+ docker rm -f uhbs-target-Krawl-http
uhbs-target-Krawl-http
validate_unit: exit 1
FAIL Krawl-http
- upstream_commit is not recorded on the unit
- quick: hash mismatch for uhbs-run.log: 2727327db43d292d9a34d0308b4abf0bc5722bdb4e45bca259eb41b08963a0e9 != 585d33f878610fbd535b54fc3c69072c229e2de2a0a00a984649652160d4db5a
- full: hash mismatch for proof/full-run.cast: 19932cf6946bd9480cdb716ecaefb28f1de47b87a89e360016625af2d68f2c70 != 803d69f60e4143e341ca32d36906aed9b071eebea96f1e9807b8f168ca45024f
- full: hash mismatch for uhbs-run.log: 585e20c14d627a7aabdfda50e40aa3a8d087488546b165cad19cb2c0637ea390 != 0f8850dfb2b1a3bd4d2721bb04d57be5955540ead6917dde793c3bdcbc7ccbe1
- full: Module C empty/missing telemetry sink ('0 malformed / 0 records')
- full run_executions.base_image is not recorded
- full run_executions.container_runtime_strategy is not recorded


=== Krawl-http summary
  quick: UHQS=25.32 grade=F (Fail)
  full: UHQS=32.32 grade=F (Fail)
exit=0 Krawl-http
ALL-DONE
=== beelzebub-http (12:01:24Z)
site resolved: beelzebub-http (alias beelzebub-lab, telemetry_dir /telemetry)
+ docker network create uhbs-lab
Error response from daemon: network with name uhbs-lab already exists
+ docker rm -f uhbs-target-beelzebub-http
+ docker run -d --name uhbs-target-beelzebub-http --label uhbs.unit=beelzebub-http --network uhbs-lab --network-alias beelzebub-lab -v /Users/mz/Projects/uhbs-standard/.local/labs/beelzebub-telemetry:/telemetry:rw -v /Users/mz/Projects/uhbs-standard/.local/labs/beelzebub-runtime/http:/configurations:ro beelzebub:uhbs-lab
1c718ae5a17d6c26b19888ff67cdc2df9b209f5bf5f87dbe85ca73098364ec0a
+ docker run --rm --network uhbs-lab -v /Users/mz/Projects/uhbs-standard:/work -w /work --entrypoint python3 uhbs:5.0.1 scripts/preflight_unit.py --inventory /work/docs/conformance/labs/beelzebub/inventory.yaml --site beelzebub-http --json --timeout 3.0 --tps /work/docs/conformance/labs/beelzebub/web_api_http_full.yaml
preflight PASS: [{"protocol": "http", "host": "beelzebub-lab", "port": 8080, "reachable": true, "class": "reachable", "detail": "tcp connect ok"}]
=== grading beelzebub-http [quick] -> docs/conformance/latest/results-5.0.1/beelzebub/http/quick
graded ok; log: docs/conformance/latest/results-5.0.1/beelzebub/http/quick/uhbs-run.log
+ /Users/mz/Projects/uhbs-standard/.venv/bin/python /Users/mz/Projects/uhbs-standard/scripts/tracker.py log-run-start --unit-id beelzebub-http --mode quick --uhbs-version 5.0.1 --grader-image uhbs:5.0.1 --target-image beelzebub:uhbs-lab --telemetry-mode mounted --airgap-attested
{"ok": true, "run_id": "0578bada0eb94f51b92036fe08e25431", "unit_id": "beelzebub-http", "run_mode": "quick", "started_at": "2026-09-28T12:01:30Z"}
+ /Users/mz/Projects/uhbs-standard/.venv/bin/python /Users/mz/Projects/uhbs-standard/scripts/tracker.py log-run-finish --unit-id beelzebub-http --mode quick --out-dir /Users/mz/Projects/uhbs-standard/docs/conformance/latest/results-5.0.1/beelzebub/http/quick
{"ok": true, "run_id": "0578bada0eb94f51b92036fe08e25431", "unit_id": "beelzebub-http", "run_mode": "quick", "run_status": "succeeded", "artifacts": [{"artifact_id": "24a55ca740b54cd28d888256e09513c8", "type": "readme", "exists": true}, {"artifact_id": "9f53050559d94addbbe4b14a8fe10940", "type": "scorecard", "exists": true}, {"artifact_id": "4bd67efbecf742afa60cab61d55c43a3", "type": "report_txt", "exists": true}, {"artifact_id": "b3aab71bb4d540a7999dfd3fdc8d7c59", "type": "report_json", "exists": true}, {"artifact_id": "3317ebb6a90e44f79e1fd8fe7ae42e6c", "type": "manifest", "exists": true}, {"artifact_id": "947a43cf42dc42c0b81bfa5729fd077b", "type": "run_meta", "exists": true}, {"artifact_id": "bfac0806b3ae49c4838c227b2d9ee5fa", "type": "run_log", "exists": true}]}
=== grading beelzebub-http [full] -> docs/conformance/latest/results-5.0.1/beelzebub/http/full
graded ok; log: docs/conformance/latest/results-5.0.1/beelzebub/http/full/uhbs-run.log
+ /Users/mz/Projects/uhbs-standard/.venv/bin/python /Users/mz/Projects/uhbs-standard/scripts/tracker.py log-run-start --unit-id beelzebub-http --mode full --uhbs-version 5.0.1 --grader-image uhbs:5.0.1-full --target-image beelzebub:uhbs-lab --telemetry-mode mounted --airgap-attested
{"ok": true, "run_id": "0fd21c5377c4499794f4ac735a0a8f3c", "unit_id": "beelzebub-http", "run_mode": "full", "started_at": "2026-09-28T12:01:45Z"}
+ /Users/mz/Projects/uhbs-standard/.venv/bin/python /Users/mz/Projects/uhbs-standard/scripts/tracker.py log-run-finish --unit-id beelzebub-http --mode full --out-dir /Users/mz/Projects/uhbs-standard/docs/conformance/latest/results-5.0.1/beelzebub/http/full --cast-path /Users/mz/Projects/uhbs-standard/docs/conformance/latest/results-5.0.1/beelzebub/http/full/proof/full-run.cast
{"ok": true, "run_id": "0fd21c5377c4499794f4ac735a0a8f3c", "unit_id": "beelzebub-http", "run_mode": "full", "run_status": "succeeded", "artifacts": [{"artifact_id": "7426b44fbe7d41ccbf1f2efe6dc55ed2", "type": "readme", "exists": true}, {"artifact_id": "52f625bdcefa42819eccb228e26daa9e", "type": "scorecard", "exists": true}, {"artifact_id": "9723ce0d30a24428ab27ad964b627a3b", "type": "report_txt", "exists": true}, {"artifact_id": "c27d6801577b4d3e905fc5aa0292cfec", "type": "report_json", "exists": true}, {"artifact_id": "a18f4c864f37452ea8003202fee522bd", "type": "manifest", "exists": true}, {"artifact_id": "bb958eb4b7174b6a9e0b1c18b53a21ed", "type": "run_meta", "exists": true}, {"artifact_id": "aad6cb9feba84936a21827902e6ebb15", "type": "run_log", "exists": true}, {"artifact_id": "3bef96d8833d479c8383ff798f8dbf2f", "type": "cast", "exists": true}]}
+ docker rm -f uhbs-target-beelzebub-http
uhbs-target-beelzebub-http
validate_unit: exit 1
FAIL beelzebub-http
- upstream_commit is not recorded on the unit
- quick: hash mismatch for uhbs-run.log: 780d094b8a6d03ac1a5662e9ee93b03ca699ec6f948b5b0044c13ccf1dceb003 != cb45eb80486e1fd307c646d7212854f262ffebc33287f423d8baf95de6ae6c03
- full: hash mismatch for proof/full-run.cast: a38ce74aebe816ae50d5c081da1c113c67bdeb1ed609a39d99ed47e91b2a0f9f != 290ddb3ab1de7f034c4e98326e40fb87f814ae3e163dd1bb31b931b4c4e8b729
- full: hash mismatch for uhbs-run.log: ea6dd63fc32a79f059c53c290f193171b41e958e01a7556ef5dfad6264578f69 != 7e6c2caf364eb93ca6a3671298db8a73fc0f085390ce51f42eb719df8562d144
- full run_executions.base_image is not recorded
- full run_executions.container_runtime_strategy is not recorded


=== beelzebub-http summary
  quick: UHQS=26.5 grade=F (Fail)
  full: UHQS=33.5 grade=F (Fail)
exit=0 beelzebub-http
=== beelzebub-mcp (12:01:45Z)
site resolved: beelzebub-mcp (alias beelzebub-lab, telemetry_dir /telemetry)
+ docker network create uhbs-lab
Error response from daemon: network with name uhbs-lab already exists
+ docker rm -f uhbs-target-beelzebub-mcp
+ docker run -d --name uhbs-target-beelzebub-mcp --label uhbs.unit=beelzebub-mcp --network uhbs-lab --network-alias beelzebub-lab -v /Users/mz/Projects/uhbs-standard/.local/labs/beelzebub-telemetry:/telemetry:rw -v /Users/mz/Projects/uhbs-standard/.local/labs/beelzebub-runtime/mcp:/configurations:ro beelzebub:uhbs-lab
65a5abd67c4b07677750a93998b80ea79fdd58116e53728f2e46d4a1830c7ca5
+ docker run --rm --network uhbs-lab -v /Users/mz/Projects/uhbs-standard:/work -w /work --entrypoint python3 uhbs:5.0.1 scripts/preflight_unit.py --inventory /work/docs/conformance/labs/beelzebub/inventory.yaml --site beelzebub-mcp --json --timeout 3.0 --tps /work/docs/conformance/labs/beelzebub/web_api_mcp_full.yaml
preflight PASS: [{"protocol": "mcp", "host": "beelzebub-lab", "port": 8000, "reachable": true, "class": "reachable", "detail": "tcp connect ok"}]
=== grading beelzebub-mcp [quick] -> docs/conformance/latest/results-5.0.1/beelzebub/mcp/quick
graded ok; log: docs/conformance/latest/results-5.0.1/beelzebub/mcp/quick/uhbs-run.log
+ /Users/mz/Projects/uhbs-standard/.venv/bin/python /Users/mz/Projects/uhbs-standard/scripts/tracker.py log-run-start --unit-id beelzebub-mcp --mode quick --uhbs-version 5.0.1 --grader-image uhbs:5.0.1 --target-image beelzebub:uhbs-lab --telemetry-mode mounted --airgap-attested
{"ok": true, "run_id": "a4371315c9e246acb3fd46a1b3604f5f", "unit_id": "beelzebub-mcp", "run_mode": "quick", "started_at": "2026-09-28T12:01:51Z"}
+ /Users/mz/Projects/uhbs-standard/.venv/bin/python /Users/mz/Projects/uhbs-standard/scripts/tracker.py log-run-finish --unit-id beelzebub-mcp --mode quick --out-dir /Users/mz/Projects/uhbs-standard/docs/conformance/latest/results-5.0.1/beelzebub/mcp/quick
{"ok": true, "run_id": "a4371315c9e246acb3fd46a1b3604f5f", "unit_id": "beelzebub-mcp", "run_mode": "quick", "run_status": "succeeded", "artifacts": [{"artifact_id": "fed48e82aeb14f0f8778f00a61f1fdf5", "type": "readme", "exists": true}, {"artifact_id": "14b6aaac26394ac98950b2a6f86f733e", "type": "scorecard", "exists": true}, {"artifact_id": "ba2ca01d1d264b92aba53c79f73a7b63", "type": "report_txt", "exists": true}, {"artifact_id": "59d5ff4a1f7f42a986c4ff1681d488f5", "type": "report_json", "exists": true}, {"artifact_id": "0269b6cc19324bea846ee5fd98426a4a", "type": "manifest", "exists": true}, {"artifact_id": "c86aff29c86047a49071a925f48ecf07", "type": "run_meta", "exists": true}, {"artifact_id": "ff4e6cfcf3bb4b7489bf37d913201189", "type": "run_log", "exists": true}]}
=== grading beelzebub-mcp [full] -> docs/conformance/latest/results-5.0.1/beelzebub/mcp/full
graded ok; log: docs/conformance/latest/results-5.0.1/beelzebub/mcp/full/uhbs-run.log
+ /Users/mz/Projects/uhbs-standard/.venv/bin/python /Users/mz/Projects/uhbs-standard/scripts/tracker.py log-run-start --unit-id beelzebub-mcp --mode full --uhbs-version 5.0.1 --grader-image uhbs:5.0.1-full --target-image beelzebub:uhbs-lab --telemetry-mode mounted --airgap-attested
{"ok": true, "run_id": "d8d64a7cfdec49ff84f313fb424042be", "unit_id": "beelzebub-mcp", "run_mode": "full", "started_at": "2026-09-28T12:02:10Z"}
+ /Users/mz/Projects/uhbs-standard/.venv/bin/python /Users/mz/Projects/uhbs-standard/scripts/tracker.py log-run-finish --unit-id beelzebub-mcp --mode full --out-dir /Users/mz/Projects/uhbs-standard/docs/conformance/latest/results-5.0.1/beelzebub/mcp/full --cast-path /Users/mz/Projects/uhbs-standard/docs/conformance/latest/results-5.0.1/beelzebub/mcp/full/proof/full-run.cast
{"ok": true, "run_id": "d8d64a7cfdec49ff84f313fb424042be", "unit_id": "beelzebub-mcp", "run_mode": "full", "run_status": "succeeded", "artifacts": [{"artifact_id": "399efd13e4434c33af95f9d90dc96f7f", "type": "readme", "exists": true}, {"artifact_id": "d8a80ef7c16d472c822626af4376d33f", "type": "scorecard", "exists": true}, {"artifact_id": "8fa076e8a0f344aaa3284153b4944151", "type": "report_txt", "exists": true}, {"artifact_id": "a8fa6a9931c74d7f8ff0de963ad4cda9", "type": "report_json", "exists": true}, {"artifact_id": "b93a22651726437fbf92f7b29207fd71", "type": "manifest", "exists": true}, {"artifact_id": "e8fe120c6d084e3fa3ef9273b8e3a0c1", "type": "run_meta", "exists": true}, {"artifact_id": "2947f896f11e4b22bc7e95a16271f861", "type": "run_log", "exists": true}, {"artifact_id": "61b3188d437340c8bdceb7603eacab92", "type": "cast", "exists": true}]}
+ docker rm -f uhbs-target-beelzebub-mcp
uhbs-target-beelzebub-mcp
validate_unit: exit 1
FAIL beelzebub-mcp
- upstream_commit is not recorded on the unit
- quick: hash mismatch for uhbs-run.log: a742f63d9d711fba945517176016defe6f462670d1e40ba813aa91a72e5cf68f != 5964c8893a3ebb385ce10927d61e89f7d7eb92295dbb0e9e828f401864256ff1
- full: hash mismatch for proof/full-run.cast: febe0d8f7218854796c638a4da6ace639d418121a6d7b615aa1850a64c6039b2 != 993ce7339d83270d2e3a5cb98b54c85261cd49a7d20448ba2e4aa99ee214957f
- full: hash mismatch for uhbs-run.log: ab51d3a86731b1f94f09c12cf704875f126ddb1bcdcd1a233034b69f52abe065 != 6a6a295211665c35a32862e4dfe01b3fa51d61ed8605cb3729db9377d0180296
- full run_executions.base_image is not recorded
- full run_executions.container_runtime_strategy is not recorded


=== beelzebub-mcp summary
  quick: UHQS=24.44 grade=F (Fail)
  full: UHQS=31.44 grade=F (Fail)
exit=0 beelzebub-mcp
=== beelzebub-mysql (12:02:11Z)
site resolved: beelzebub-mysql (alias beelzebub-lab, telemetry_dir /telemetry)
+ docker network create uhbs-lab
Error response from daemon: network with name uhbs-lab already exists
+ docker rm -f uhbs-target-beelzebub-mysql
+ docker run -d --name uhbs-target-beelzebub-mysql --label uhbs.unit=beelzebub-mysql --network uhbs-lab --network-alias beelzebub-lab -v /Users/mz/Projects/uhbs-standard/.local/labs/beelzebub-telemetry:/telemetry:rw -v /Users/mz/Projects/uhbs-standard/.local/labs/beelzebub-runtime/mysql:/configurations:ro beelzebub:uhbs-lab
57025a0375314de819ed80b0f668080da51e5414a0e963452df59601687ad30c
+ docker run --rm --network uhbs-lab -v /Users/mz/Projects/uhbs-standard:/work -w /work --entrypoint python3 uhbs:5.0.1 scripts/preflight_unit.py --inventory /work/docs/conformance/labs/beelzebub/inventory.yaml --site beelzebub-mysql --json --timeout 3.0 --tps /work/docs/conformance/labs/beelzebub/database_mysql_full.yaml
preflight PASS: [{"protocol": "mysql", "host": "beelzebub-lab", "port": 3306, "reachable": true, "class": "reachable", "detail": "tcp connect ok"}]
=== grading beelzebub-mysql [quick] -> docs/conformance/latest/results-5.0.1/beelzebub/mysql/quick
graded ok; log: docs/conformance/latest/results-5.0.1/beelzebub/mysql/quick/uhbs-run.log
+ /Users/mz/Projects/uhbs-standard/.venv/bin/python /Users/mz/Projects/uhbs-standard/scripts/tracker.py log-run-start --unit-id beelzebub-mysql --mode quick --uhbs-version 5.0.1 --grader-image uhbs:5.0.1 --target-image beelzebub:uhbs-lab --telemetry-mode mounted --airgap-attested
{"ok": true, "run_id": "ac9bde91285f4a798c08b19b5615cd59", "unit_id": "beelzebub-mysql", "run_mode": "quick", "started_at": "2026-09-28T12:02:28Z"}
+ /Users/mz/Projects/uhbs-standard/.venv/bin/python /Users/mz/Projects/uhbs-standard/scripts/tracker.py log-run-finish --unit-id beelzebub-mysql --mode quick --out-dir /Users/mz/Projects/uhbs-standard/docs/conformance/latest/results-5.0.1/beelzebub/mysql/quick
{"ok": true, "run_id": "ac9bde91285f4a798c08b19b5615cd59", "unit_id": "beelzebub-mysql", "run_mode": "quick", "run_status": "succeeded", "artifacts": [{"artifact_id": "80a8b17a00354924bcca9bd9bcaebd0d", "type": "readme", "exists": true}, {"artifact_id": "ffd626a4dd4249d2b83773645e515633", "type": "scorecard", "exists": true}, {"artifact_id": "5095ef2d5a4c448b92bbab06d75f624a", "type": "report_txt", "exists": true}, {"artifact_id": "829d94b3a7504bc0bd7cf556b5eddeb9", "type": "report_json", "exists": true}, {"artifact_id": "f8a873c0dd814717b0002a499191c34e", "type": "manifest", "exists": true}, {"artifact_id": "d8669fc022004b9b8e9b467e8c56621e", "type": "run_meta", "exists": true}, {"artifact_id": "6895c1a4b5574525a0d72d4193891f62", "type": "run_log", "exists": true}]}
=== grading beelzebub-mysql [full] -> docs/conformance/latest/results-5.0.1/beelzebub/mysql/full
graded ok; log: docs/conformance/latest/results-5.0.1/beelzebub/mysql/full/uhbs-run.log
+ /Users/mz/Projects/uhbs-standard/.venv/bin/python /Users/mz/Projects/uhbs-standard/scripts/tracker.py log-run-start --unit-id beelzebub-mysql --mode full --uhbs-version 5.0.1 --grader-image uhbs:5.0.1-full --target-image beelzebub:uhbs-lab --telemetry-mode mounted --airgap-attested
{"ok": true, "run_id": "dff09074f2b540dda268eb4eea6cab3d", "unit_id": "beelzebub-mysql", "run_mode": "full", "started_at": "2026-09-28T12:02:54Z"}
+ /Users/mz/Projects/uhbs-standard/.venv/bin/python /Users/mz/Projects/uhbs-standard/scripts/tracker.py log-run-finish --unit-id beelzebub-mysql --mode full --out-dir /Users/mz/Projects/uhbs-standard/docs/conformance/latest/results-5.0.1/beelzebub/mysql/full --cast-path /Users/mz/Projects/uhbs-standard/docs/conformance/latest/results-5.0.1/beelzebub/mysql/full/proof/full-run.cast
{"ok": true, "run_id": "dff09074f2b540dda268eb4eea6cab3d", "unit_id": "beelzebub-mysql", "run_mode": "full", "run_status": "succeeded", "artifacts": [{"artifact_id": "728a482ea11d42b28175012ac2cfd6fd", "type": "readme", "exists": true}, {"artifact_id": "b70e58b89604456aa6abf18bc261162a", "type": "scorecard", "exists": true}, {"artifact_id": "65906f79ed1546b3a9b0c11058b8d69e", "type": "report_txt", "exists": true}, {"artifact_id": "2137bc8042714f1f9fde67312f96491f", "type": "report_json", "exists": true}, {"artifact_id": "044d969f2f2844b68c46a7ea1978f72e", "type": "manifest", "exists": true}, {"artifact_id": "ca140850e8774a05863f66c4a2835d16", "type": "run_meta", "exists": true}, {"artifact_id": "7228d472f06744379d4617e807bc49c5", "type": "run_log", "exists": true}, {"artifact_id": "90f3d2fdd95a4c289f0a207233ca00e8", "type": "cast", "exists": true}]}
+ docker rm -f uhbs-target-beelzebub-mysql
uhbs-target-beelzebub-mysql
validate_unit: exit 1
FAIL beelzebub-mysql
- upstream_commit is not recorded on the unit
- fixture_path does not exist: docs/conformance/fixtures/beelzebub-mysql.scorecard.json
- quick: hash mismatch for uhbs-run.log: 8579e73c75d63dbabdfa7fc68c6c1aae610950becb28e7f83b22c19833d31763 != d039d75832f5bc9c288c43649597477ee2279201b7f153a4f6ad178502a6669b
- full: hash mismatch for proof/full-run.cast: 021a3b64f608c6c20b8f664942f7cb9255fa9622a7ada93cfb5072fb38f281d2 != 41d529a8d8a19dacf940820bfd820f2a02fb4b2fbf5c348b9ddfe9ea05a0ccd2
- full: hash mismatch for uhbs-run.log: 94d66741117bd3817c5477c333d52b09cf8e53dee278c96467c86f6ca2843365 != 85aed279d634531a0e20a0584cc714f89891e8628192ae2502a1788233288e7e
- full: Module C incomplete (complete=false) — fix telemetry sink wiring / inject before publishing a full grade
- full run_executions.base_image is not recorded
- full run_executions.container_runtime_strategy is not recorded


=== beelzebub-mysql summary
  quick: UHQS=15.22 grade=F (Fail)
  full: UHQS=22.22 grade=F (Fail)
exit=0 beelzebub-mysql
=== beelzebub-rdp (12:02:54Z)
site resolved: beelzebub-rdp (alias beelzebub-lab, telemetry_dir /telemetry)
+ docker network create uhbs-lab
Error response from daemon: network with name uhbs-lab already exists
+ docker rm -f uhbs-target-beelzebub-rdp
+ docker run -d --name uhbs-target-beelzebub-rdp --label uhbs.unit=beelzebub-rdp --network uhbs-lab --network-alias beelzebub-lab -v /Users/mz/Projects/uhbs-standard/.local/labs/beelzebub-telemetry:/telemetry:rw -v /Users/mz/Projects/uhbs-standard/.local/labs/beelzebub-runtime/rdp:/configurations:ro beelzebub:uhbs-lab
b2288339766e91b4985c66cae5a79676d78fc707f34105850eabb5395f2f7969
+ docker run --rm --network uhbs-lab -v /Users/mz/Projects/uhbs-standard:/work -w /work --entrypoint python3 uhbs:5.0.1 scripts/preflight_unit.py --inventory /work/docs/conformance/labs/beelzebub/inventory.yaml --site beelzebub-rdp --json --timeout 3.0 --tps /work/docs/conformance/labs/beelzebub/low_interaction_rdp_full.yaml
preflight PASS: [{"protocol": "rdp", "host": "beelzebub-lab", "port": 3389, "reachable": true, "class": "reachable", "detail": "tcp connect ok"}]
=== grading beelzebub-rdp [quick] -> docs/conformance/latest/results-5.0.1/beelzebub/rdp/quick
graded ok; log: docs/conformance/latest/results-5.0.1/beelzebub/rdp/quick/uhbs-run.log
+ /Users/mz/Projects/uhbs-standard/.venv/bin/python /Users/mz/Projects/uhbs-standard/scripts/tracker.py log-run-start --unit-id beelzebub-rdp --mode quick --uhbs-version 5.0.1 --grader-image uhbs:5.0.1 --target-image beelzebub:uhbs-lab --telemetry-mode mounted --airgap-attested
{"ok": true, "run_id": "8df9c03597404c5bb07b572dbca37cec", "unit_id": "beelzebub-rdp", "run_mode": "quick", "started_at": "2026-09-28T12:03:08Z"}
+ /Users/mz/Projects/uhbs-standard/.venv/bin/python /Users/mz/Projects/uhbs-standard/scripts/tracker.py log-run-finish --unit-id beelzebub-rdp --mode quick --out-dir /Users/mz/Projects/uhbs-standard/docs/conformance/latest/results-5.0.1/beelzebub/rdp/quick
{"ok": true, "run_id": "8df9c03597404c5bb07b572dbca37cec", "unit_id": "beelzebub-rdp", "run_mode": "quick", "run_status": "succeeded", "artifacts": [{"artifact_id": "6ce7c8d8b0194d2284086dd76bc1762b", "type": "readme", "exists": true}, {"artifact_id": "8fe71150178f4df8b7c226fcd7f4da65", "type": "scorecard", "exists": true}, {"artifact_id": "d573b3e726a1476b94ba518624633b6a", "type": "report_txt", "exists": true}, {"artifact_id": "a2ffa9680f0d40e7a92533a9e7839bb5", "type": "report_json", "exists": true}, {"artifact_id": "5d6d752ca691405eb4fe8c6c25b4c0c0", "type": "manifest", "exists": true}, {"artifact_id": "5bfaee9b0fa14dbc84bc204b206dee59", "type": "run_meta", "exists": true}, {"artifact_id": "80dab230a08144168ae0f40040aad387", "type": "run_log", "exists": true}]}
=== grading beelzebub-rdp [full] -> docs/conformance/latest/results-5.0.1/beelzebub/rdp/full
graded ok; log: docs/conformance/latest/results-5.0.1/beelzebub/rdp/full/uhbs-run.log
+ /Users/mz/Projects/uhbs-standard/.venv/bin/python /Users/mz/Projects/uhbs-standard/scripts/tracker.py log-run-start --unit-id beelzebub-rdp --mode full --uhbs-version 5.0.1 --grader-image uhbs:5.0.1-full --target-image beelzebub:uhbs-lab --telemetry-mode mounted --airgap-attested
{"ok": true, "run_id": "d6666e5335c241cf9dba0142de2cd646", "unit_id": "beelzebub-rdp", "run_mode": "full", "started_at": "2026-09-28T12:03:35Z"}
+ /Users/mz/Projects/uhbs-standard/.venv/bin/python /Users/mz/Projects/uhbs-standard/scripts/tracker.py log-run-finish --unit-id beelzebub-rdp --mode full --out-dir /Users/mz/Projects/uhbs-standard/docs/conformance/latest/results-5.0.1/beelzebub/rdp/full --cast-path /Users/mz/Projects/uhbs-standard/docs/conformance/latest/results-5.0.1/beelzebub/rdp/full/proof/full-run.cast
{"ok": true, "run_id": "d6666e5335c241cf9dba0142de2cd646", "unit_id": "beelzebub-rdp", "run_mode": "full", "run_status": "succeeded", "artifacts": [{"artifact_id": "f2f8acecf7ca47c5a22882d9fdc9f21a", "type": "readme", "exists": true}, {"artifact_id": "323f69bec0b74395bb1ef454c0585338", "type": "scorecard", "exists": true}, {"artifact_id": "d66772bbf1ec42df97b4e6d5a8c2a97f", "type": "report_txt", "exists": true}, {"artifact_id": "acec0046296d48e8b5d0b0f2117e6669", "type": "report_json", "exists": true}, {"artifact_id": "4273bb94adcc43f5a6e44743be9aa08a", "type": "manifest", "exists": true}, {"artifact_id": "6e1e432d11bf4aa3bbcb5352b725388e", "type": "run_meta", "exists": true}, {"artifact_id": "411faab650fe422a9e4d972bdef62542", "type": "run_log", "exists": true}, {"artifact_id": "ee5aa6550c4f4c5a9837ae2613399bbd", "type": "cast", "exists": true}]}
+ docker rm -f uhbs-target-beelzebub-rdp
uhbs-target-beelzebub-rdp
validate_unit: exit 1
FAIL beelzebub-rdp
- upstream_commit is not recorded on the unit
- fixture_path does not exist: docs/conformance/fixtures/beelzebub-rdp.scorecard.json
- quick: hash mismatch for uhbs-run.log: 3bee9316a4d5d2c8834b04994cc672ff309c93fec3b4c8ecf3134e0c7702d9ab != 0f15f1e4158548014e30d6c8ff704edc8fb962881f4a8f4ea2002fad2b40f4fb
- full: hash mismatch for proof/full-run.cast: 62545822e1597edd1be89088480ce38b83bb55c5281c4a4cc3ae7ab08aa27c90 != 285129a26b5a8ba91090db405589ceb60b328bb8fc7c96f5bc9b33bb4df32256
- full: hash mismatch for uhbs-run.log: b2d3a0cc3e2675832009fbd7158a9377afc7f54807f53a32f1096cc7bc43f16e != 1f734be867f4e6d218dccdf00d341499f52cbbaeeedea113eee6f0606c6c8583
- full: Module C incomplete (complete=false) — fix telemetry sink wiring / inject before publishing a full grade
- full run_executions.base_image is not recorded
- full run_executions.container_runtime_strategy is not recorded


=== beelzebub-rdp summary
  quick: UHQS=16.18 grade=F (Fail)
  full: UHQS=23.18 grade=F (Fail)
exit=0 beelzebub-rdp
=== beelzebub-smb (12:03:35Z)
site resolved: beelzebub-smb (alias beelzebub-lab, telemetry_dir /telemetry)
+ docker network create uhbs-lab
Error response from daemon: network with name uhbs-lab already exists
+ docker rm -f uhbs-target-beelzebub-smb
+ docker run -d --name uhbs-target-beelzebub-smb --label uhbs.unit=beelzebub-smb --network uhbs-lab --network-alias beelzebub-lab -v /Users/mz/Projects/uhbs-standard/.local/labs/beelzebub-telemetry:/telemetry:rw -v /Users/mz/Projects/uhbs-standard/.local/labs/beelzebub-runtime/smb:/configurations:ro beelzebub:uhbs-lab
c8fab3e0ae2610085c537df5b500e876c5b33113b722c6a3cf4d035e6e265457
+ docker run --rm --network uhbs-lab -v /Users/mz/Projects/uhbs-standard:/work -w /work --entrypoint python3 uhbs:5.0.1 scripts/preflight_unit.py --inventory /work/docs/conformance/labs/beelzebub/inventory.yaml --site beelzebub-smb --json --timeout 3.0 --tps /work/docs/conformance/labs/beelzebub/low_interaction_smb_full.yaml
preflight PASS: [{"protocol": "smb", "host": "beelzebub-lab", "port": 445, "reachable": true, "class": "reachable", "detail": "tcp connect ok"}]
=== grading beelzebub-smb [quick] -> docs/conformance/latest/results-5.0.1/beelzebub/smb/quick
graded ok; log: docs/conformance/latest/results-5.0.1/beelzebub/smb/quick/uhbs-run.log
+ /Users/mz/Projects/uhbs-standard/.venv/bin/python /Users/mz/Projects/uhbs-standard/scripts/tracker.py log-run-start --unit-id beelzebub-smb --mode quick --uhbs-version 5.0.1 --grader-image uhbs:5.0.1 --target-image beelzebub:uhbs-lab --telemetry-mode mounted --airgap-attested
{"ok": true, "run_id": "ab49c2ad880844819577ea9742bb392a", "unit_id": "beelzebub-smb", "run_mode": "quick", "started_at": "2026-09-28T12:03:41Z"}
+ /Users/mz/Projects/uhbs-standard/.venv/bin/python /Users/mz/Projects/uhbs-standard/scripts/tracker.py log-run-finish --unit-id beelzebub-smb --mode quick --out-dir /Users/mz/Projects/uhbs-standard/docs/conformance/latest/results-5.0.1/beelzebub/smb/quick
{"ok": true, "run_id": "ab49c2ad880844819577ea9742bb392a", "unit_id": "beelzebub-smb", "run_mode": "quick", "run_status": "succeeded", "artifacts": [{"artifact_id": "d3857b59d1d44609933fe6ee44a9f9f2", "type": "readme", "exists": true}, {"artifact_id": "9eb4c587e0644a6bb14d612850bd5dd7", "type": "scorecard", "exists": true}, {"artifact_id": "0b1f934c8a274868b30a0907b4445d58", "type": "report_txt", "exists": true}, {"artifact_id": "ba8b5275b73a4e6ab18bb670c6060b9e", "type": "report_json", "exists": true}, {"artifact_id": "09c1688b832b4b83905b4cd02bb768b6", "type": "manifest", "exists": true}, {"artifact_id": "64edd93794b44640bfb87af3054b646d", "type": "run_meta", "exists": true}, {"artifact_id": "4ab611397b7d45cc8d772efc1f1b9c2d", "type": "run_log", "exists": true}]}
=== grading beelzebub-smb [full] -> docs/conformance/latest/results-5.0.1/beelzebub/smb/full
graded ok; log: docs/conformance/latest/results-5.0.1/beelzebub/smb/full/uhbs-run.log
+ /Users/mz/Projects/uhbs-standard/.venv/bin/python /Users/mz/Projects/uhbs-standard/scripts/tracker.py log-run-start --unit-id beelzebub-smb --mode full --uhbs-version 5.0.1 --grader-image uhbs:5.0.1-full --target-image beelzebub:uhbs-lab --telemetry-mode mounted --airgap-attested
{"ok": true, "run_id": "28dc2ac60987489fb77e0bfca4c456b6", "unit_id": "beelzebub-smb", "run_mode": "full", "started_at": "2026-09-28T12:03:56Z"}
+ /Users/mz/Projects/uhbs-standard/.venv/bin/python /Users/mz/Projects/uhbs-standard/scripts/tracker.py log-run-finish --unit-id beelzebub-smb --mode full --out-dir /Users/mz/Projects/uhbs-standard/docs/conformance/latest/results-5.0.1/beelzebub/smb/full --cast-path /Users/mz/Projects/uhbs-standard/docs/conformance/latest/results-5.0.1/beelzebub/smb/full/proof/full-run.cast
{"ok": true, "run_id": "28dc2ac60987489fb77e0bfca4c456b6", "unit_id": "beelzebub-smb", "run_mode": "full", "run_status": "succeeded", "artifacts": [{"artifact_id": "f35c8499814b470cbd34b6a0d46db19d", "type": "readme", "exists": true}, {"artifact_id": "8e22e148e06b4ccd96559c93da5c86e4", "type": "scorecard", "exists": true}, {"artifact_id": "ddea956417d94a50a28df2cf31ad0a1a", "type": "report_txt", "exists": true}, {"artifact_id": "31ae1cfb0e914419884d25fd34d11657", "type": "report_json", "exists": true}, {"artifact_id": "7bdafe527f0b48ec93d26449f77dc057", "type": "manifest", "exists": true}, {"artifact_id": "b48d70b1a2eb4060b54d5bb0c3940dba", "type": "run_meta", "exists": true}, {"artifact_id": "8e9dc4b43b5d47b68253fb51b7d61a3a", "type": "run_log", "exists": true}, {"artifact_id": "96825e09ec0b46a68b9d31d2d1e0522d", "type": "cast", "exists": true}]}
+ docker rm -f uhbs-target-beelzebub-smb
uhbs-target-beelzebub-smb
validate_unit: exit 1
FAIL beelzebub-smb
- upstream_commit is not recorded on the unit
- fixture_path does not exist: docs/conformance/fixtures/beelzebub-smb.scorecard.json
- quick: hash mismatch for uhbs-run.log: 1a26fc2d0b12b711aa6a14f6547d7504393796b9f0c9a56ba49b0eea7f339fd9 != 3a8f4770e91dd1c2d33548f62b55601553ed5fb443ffc82551fea880709d2408
- full: hash mismatch for proof/full-run.cast: 5328b0c770f34bec19ec1cf3bcb76a3cad963708e2d11b20e744f027b61bdd1a != 9789a8cf7ed5f3ac67c85faa709c342b0ddfdb0c390d92c76229170eb1f67272
- full: hash mismatch for uhbs-run.log: 2c1abaace39c7cb77bbba9198b8f4509e0a3146c4a87c7854dbac58de30f58a5 != e1b565a0c3221e8554631476caa4ae2ed3e10014688bcd412ab2c1b63e817620
- full: Module C incomplete (complete=false) — fix telemetry sink wiring / inject before publishing a full grade
- full run_executions.base_image is not recorded
- full run_executions.container_runtime_strategy is not recorded


=== beelzebub-smb summary
  quick: UHQS=22.48 grade=F (Fail)
  full: UHQS=29.48 grade=F (Fail)
exit=0 beelzebub-smb
=== beelzebub-ssh (12:03:56Z)
site resolved: beelzebub-ssh (alias beelzebub-lab, telemetry_dir /telemetry)
+ docker network create uhbs-lab
Error response from daemon: network with name uhbs-lab already exists
+ docker rm -f uhbs-target-beelzebub-ssh
+ docker run -d --name uhbs-target-beelzebub-ssh --label uhbs.unit=beelzebub-ssh --network uhbs-lab --network-alias beelzebub-lab -v /Users/mz/Projects/uhbs-standard/.local/labs/beelzebub-telemetry:/telemetry:rw -v /Users/mz/Projects/uhbs-standard/.local/labs/beelzebub-runtime/ssh:/configurations:ro beelzebub:uhbs-lab
1e396419f945a5ef63b9bfe85f9b11539ff51d0eb30e0be8b02cb111dca178d3
+ docker run --rm --network uhbs-lab -v /Users/mz/Projects/uhbs-standard:/work -w /work --entrypoint python3 uhbs:5.0.1 scripts/preflight_unit.py --inventory /work/docs/conformance/labs/beelzebub/inventory.yaml --site beelzebub-ssh --json --timeout 3.0 --tps /work/docs/conformance/labs/beelzebub/low_interaction_ssh_full.yaml
preflight PASS: [{"protocol": "ssh", "host": "beelzebub-lab", "port": 2222, "reachable": true, "class": "reachable", "detail": "tcp connect ok"}]
=== grading beelzebub-ssh [quick] -> docs/conformance/latest/results-5.0.1/beelzebub/ssh/quick
graded ok; log: docs/conformance/latest/results-5.0.1/beelzebub/ssh/quick/uhbs-run.log
+ /Users/mz/Projects/uhbs-standard/.venv/bin/python /Users/mz/Projects/uhbs-standard/scripts/tracker.py log-run-start --unit-id beelzebub-ssh --mode quick --uhbs-version 5.0.1 --grader-image uhbs:5.0.1 --target-image beelzebub:uhbs-lab --telemetry-mode mounted --airgap-attested
{"ok": true, "run_id": "064cd4f8a3d24817aee4e52afabe4a52", "unit_id": "beelzebub-ssh", "run_mode": "quick", "started_at": "2026-09-28T12:04:35Z"}
+ /Users/mz/Projects/uhbs-standard/.venv/bin/python /Users/mz/Projects/uhbs-standard/scripts/tracker.py log-run-finish --unit-id beelzebub-ssh --mode quick --out-dir /Users/mz/Projects/uhbs-standard/docs/conformance/latest/results-5.0.1/beelzebub/ssh/quick
{"ok": true, "run_id": "064cd4f8a3d24817aee4e52afabe4a52", "unit_id": "beelzebub-ssh", "run_mode": "quick", "run_status": "succeeded", "artifacts": [{"artifact_id": "cf41486b83ce4d21b48e6b88040e57c1", "type": "readme", "exists": true}, {"artifact_id": "591a59e23ea44f3285354b2caabe963f", "type": "scorecard", "exists": true}, {"artifact_id": "df04df85d68e46f986c87f24f4cf6a1e", "type": "report_txt", "exists": true}, {"artifact_id": "127298b08e8c448ba366b2c605ebce30", "type": "report_json", "exists": true}, {"artifact_id": "adba79100a044fc4ad833a4f85d4e91d", "type": "manifest", "exists": true}, {"artifact_id": "30ecc317c1c1429d9367e2e2f74abbdb", "type": "run_meta", "exists": true}, {"artifact_id": "64858355f57943adb96d845c6565ad1a", "type": "run_log", "exists": true}]}
=== grading beelzebub-ssh [full] -> docs/conformance/latest/results-5.0.1/beelzebub/ssh/full
graded ok; log: docs/conformance/latest/results-5.0.1/beelzebub/ssh/full/uhbs-run.log
+ /Users/mz/Projects/uhbs-standard/.venv/bin/python /Users/mz/Projects/uhbs-standard/scripts/tracker.py log-run-start --unit-id beelzebub-ssh --mode full --uhbs-version 5.0.1 --grader-image uhbs:5.0.1-full --target-image beelzebub:uhbs-lab --telemetry-mode mounted --airgap-attested
{"ok": true, "run_id": "f5d3c201017d43999afffd5d65a3aa2f", "unit_id": "beelzebub-ssh", "run_mode": "full", "started_at": "2026-09-28T12:05:24Z"}
+ /Users/mz/Projects/uhbs-standard/.venv/bin/python /Users/mz/Projects/uhbs-standard/scripts/tracker.py log-run-finish --unit-id beelzebub-ssh --mode full --out-dir /Users/mz/Projects/uhbs-standard/docs/conformance/latest/results-5.0.1/beelzebub/ssh/full --cast-path /Users/mz/Projects/uhbs-standard/docs/conformance/latest/results-5.0.1/beelzebub/ssh/full/proof/full-run.cast
{"ok": true, "run_id": "f5d3c201017d43999afffd5d65a3aa2f", "unit_id": "beelzebub-ssh", "run_mode": "full", "run_status": "succeeded", "artifacts": [{"artifact_id": "9b7943f04cb3429c9a128468f100c4a2", "type": "readme", "exists": true}, {"artifact_id": "dc7cc5ac40134b9d9eb0f7ec6cc8f098", "type": "scorecard", "exists": true}, {"artifact_id": "728578231c834236a8390b59dc96ec5e", "type": "report_txt", "exists": true}, {"artifact_id": "c9f2389fe860461db4f84debba1392bf", "type": "report_json", "exists": true}, {"artifact_id": "3fbb7f43523e4517bc800507874935d0", "type": "manifest", "exists": true}, {"artifact_id": "86bca9a770e24981b1bd9d1fa9056498", "type": "run_meta", "exists": true}, {"artifact_id": "a690c976013240128b5e5aa6173c6dcd", "type": "run_log", "exists": true}, {"artifact_id": "13dc587e54d4411b8c6eceacddf3752d", "type": "cast", "exists": true}]}
+ docker rm -f uhbs-target-beelzebub-ssh
uhbs-target-beelzebub-ssh
validate_unit: exit 1
FAIL beelzebub-ssh
- upstream_commit is not recorded on the unit
- quick: hash mismatch for uhbs-run.log: 61b5f560057b085bdb0217b337e9194e2663eede5340b309cda286f36a3b59cc != e42c8bdc58ddca83bc9ac2fbcf188efbef992fe80d328a0b407faf7d5b124a89
- full: hash mismatch for proof/full-run.cast: 6facbcfc81f92d241c5face2ba33c2e29fc3d3a977555eebc30982e859c16972 != 5600685e03187da1cf62e0e5bedc856ee0ad85a3946fd194c7e62957312654c7
- full: hash mismatch for uhbs-run.log: bf1ea5a65de89488e1d8805da234bcf5df2d9d9cc7da6950ad92716de02f9e53 != 51862d2838a2bbb3c926cd118865ba647720c4c718b7243624de47a7f343cad8
- full run_executions.base_image is not recorded
- full run_executions.container_runtime_strategy is not recorded


=== beelzebub-ssh summary
  quick: UHQS=11.89 grade=F (Fail)
  full: UHQS=18.89 grade=F (Fail)
exit=0 beelzebub-ssh
=== beelzebub-telnet (12:05:25Z)
site resolved: beelzebub-telnet (alias beelzebub-lab, telemetry_dir /telemetry)
+ docker network create uhbs-lab
Error response from daemon: network with name uhbs-lab already exists
+ docker rm -f uhbs-target-beelzebub-telnet
+ docker run -d --name uhbs-target-beelzebub-telnet --label uhbs.unit=beelzebub-telnet --network uhbs-lab --network-alias beelzebub-lab -v /Users/mz/Projects/uhbs-standard/.local/labs/beelzebub-telemetry:/telemetry:rw -v /Users/mz/Projects/uhbs-standard/.local/labs/beelzebub-runtime/telnet:/configurations:ro beelzebub:uhbs-lab
44e8e1fbb2f9d2323646428ddb866c32eb7cb90b3e78d4ac7d7f23896f070322
+ docker run --rm --network uhbs-lab -v /Users/mz/Projects/uhbs-standard:/work -w /work --entrypoint python3 uhbs:5.0.1 scripts/preflight_unit.py --inventory /work/docs/conformance/labs/beelzebub/inventory.yaml --site beelzebub-telnet --json --timeout 3.0 --tps /work/docs/conformance/labs/beelzebub/low_interaction_telnet_full.yaml
preflight PASS: [{"protocol": "telnet", "host": "beelzebub-lab", "port": 23, "reachable": true, "class": "reachable", "detail": "tcp connect ok"}]
=== grading beelzebub-telnet [quick] -> docs/conformance/latest/results-5.0.1/beelzebub/telnet/quick
graded ok; log: docs/conformance/latest/results-5.0.1/beelzebub/telnet/quick/uhbs-run.log
+ /Users/mz/Projects/uhbs-standard/.venv/bin/python /Users/mz/Projects/uhbs-standard/scripts/tracker.py log-run-start --unit-id beelzebub-telnet --mode quick --uhbs-version 5.0.1 --grader-image uhbs:5.0.1 --target-image beelzebub:uhbs-lab --telemetry-mode mounted --airgap-attested
{"ok": true, "run_id": "f571f001709d45dc970452468c1b5d20", "unit_id": "beelzebub-telnet", "run_mode": "quick", "started_at": "2026-09-28T12:05:34Z"}
+ /Users/mz/Projects/uhbs-standard/.venv/bin/python /Users/mz/Projects/uhbs-standard/scripts/tracker.py log-run-finish --unit-id beelzebub-telnet --mode quick --out-dir /Users/mz/Projects/uhbs-standard/docs/conformance/latest/results-5.0.1/beelzebub/telnet/quick
{"ok": true, "run_id": "f571f001709d45dc970452468c1b5d20", "unit_id": "beelzebub-telnet", "run_mode": "quick", "run_status": "succeeded", "artifacts": [{"artifact_id": "4f2b4af1e3934dd6a317e79f624ba548", "type": "readme", "exists": true}, {"artifact_id": "0f4ffc43e36f41aaa881d995871cfc00", "type": "scorecard", "exists": true}, {"artifact_id": "306f6abc9cd945b989158be1d2986ec3", "type": "report_txt", "exists": true}, {"artifact_id": "76f70f501d574ab6a4fb84c498b8a299", "type": "report_json", "exists": true}, {"artifact_id": "9ebc943c172642eeb9b618ee6a7e7ada", "type": "manifest", "exists": true}, {"artifact_id": "c4125ee6062442a4bf8ce57f263f46e2", "type": "run_meta", "exists": true}, {"artifact_id": "c7236d8216e74f4a836a61768605542b", "type": "run_log", "exists": true}]}
=== grading beelzebub-telnet [full] -> docs/conformance/latest/results-5.0.1/beelzebub/telnet/full
graded ok; log: docs/conformance/latest/results-5.0.1/beelzebub/telnet/full/uhbs-run.log
+ /Users/mz/Projects/uhbs-standard/.venv/bin/python /Users/mz/Projects/uhbs-standard/scripts/tracker.py log-run-start --unit-id beelzebub-telnet --mode full --uhbs-version 5.0.1 --grader-image uhbs:5.0.1-full --target-image beelzebub:uhbs-lab --telemetry-mode mounted --airgap-attested
{"ok": true, "run_id": "85867383c7e247e080af685e9c3d6113", "unit_id": "beelzebub-telnet", "run_mode": "full", "started_at": "2026-09-28T12:05:53Z"}
+ /Users/mz/Projects/uhbs-standard/.venv/bin/python /Users/mz/Projects/uhbs-standard/scripts/tracker.py log-run-finish --unit-id beelzebub-telnet --mode full --out-dir /Users/mz/Projects/uhbs-standard/docs/conformance/latest/results-5.0.1/beelzebub/telnet/full --cast-path /Users/mz/Projects/uhbs-standard/docs/conformance/latest/results-5.0.1/beelzebub/telnet/full/proof/full-run.cast
{"ok": true, "run_id": "85867383c7e247e080af685e9c3d6113", "unit_id": "beelzebub-telnet", "run_mode": "full", "run_status": "succeeded", "artifacts": [{"artifact_id": "ef17d629a97f4d1db3e0f91848a8d854", "type": "readme", "exists": true}, {"artifact_id": "8caea2803af344dd8c0a39ea8b0fcbc0", "type": "scorecard", "exists": true}, {"artifact_id": "3072c3896b8b473586420a248159bdab", "type": "report_txt", "exists": true}, {"artifact_id": "cda56c3813d24f7bb2c83e3c7651b5f2", "type": "report_json", "exists": true}, {"artifact_id": "bcbdb6f1dce747f7b1aef17e25338836", "type": "manifest", "exists": true}, {"artifact_id": "2eaba52ac0fa40089caf7a7a814be918", "type": "run_meta", "exists": true}, {"artifact_id": "258803dafec540d4a3464ee5fc0b80f0", "type": "run_log", "exists": true}, {"artifact_id": "5605de73982b46578ca5913090448cc9", "type": "cast", "exists": true}]}
+ docker rm -f uhbs-target-beelzebub-telnet
uhbs-target-beelzebub-telnet
validate_unit: exit 1
FAIL beelzebub-telnet
- upstream_commit is not recorded on the unit
- quick: hash mismatch for uhbs-run.log: eb388553b0234dd145f6588cd9d0585b4631f2a85027f89bb975340e4eae042c != 0a91c01fd6276ec9c4223591ff95af2281f1dfc8321eb20a3f203841164eb18b
- full: hash mismatch for proof/full-run.cast: 478981411d5e7ad34ef570e21ca615597497a9eba9cea7c54a649d908d081b12 != 4ce09a251ccd83cbe82e1b19d542207aa1a2813894f076cb9336388faed0d5c4
- full: hash mismatch for uhbs-run.log: 73ed68bf43657ea321948efacc06eca9e40abcdd4e6fd95e856d235b22b32063 != 2f767f30c6a2a17fc48b5415df7a38a64c77dc129d4787c038b7b6b1760169b4
- full: Module C incomplete (complete=false) — fix telemetry sink wiring / inject before publishing a full grade
- full run_executions.base_image is not recorded
- full run_executions.container_runtime_strategy is not recorded


=== beelzebub-telnet summary
  quick: UHQS=18.49 grade=F (Fail)
  full: UHQS=25.49 grade=F (Fail)
exit=0 beelzebub-telnet
=== beelzebub-vnc (12:05:53Z)
site resolved: beelzebub-vnc (alias beelzebub-lab, telemetry_dir /telemetry)
+ docker network create uhbs-lab
Error response from daemon: network with name uhbs-lab already exists
+ docker rm -f uhbs-target-beelzebub-vnc
+ docker run -d --name uhbs-target-beelzebub-vnc --label uhbs.unit=beelzebub-vnc --network uhbs-lab --network-alias beelzebub-lab -v /Users/mz/Projects/uhbs-standard/.local/labs/beelzebub-telemetry:/telemetry:rw -v /Users/mz/Projects/uhbs-standard/.local/labs/beelzebub-runtime/vnc:/configurations:ro beelzebub:uhbs-lab
10916998700dc70c280661c4a4d2caea39d5d754b2a502d724ac16d2af83385a
+ docker run --rm --network uhbs-lab -v /Users/mz/Projects/uhbs-standard:/work -w /work --entrypoint python3 uhbs:5.0.1 scripts/preflight_unit.py --inventory /work/docs/conformance/labs/beelzebub/inventory.yaml --site beelzebub-vnc --json --timeout 3.0 --tps /work/docs/conformance/labs/beelzebub/low_interaction_vnc_full.yaml
preflight PASS: [{"protocol": "vnc", "host": "beelzebub-lab", "port": 5900, "reachable": true, "class": "reachable", "detail": "tcp connect ok"}]
=== grading beelzebub-vnc [quick] -> docs/conformance/latest/results-5.0.1/beelzebub/vnc/quick
graded ok; log: docs/conformance/latest/results-5.0.1/beelzebub/vnc/quick/uhbs-run.log
+ /Users/mz/Projects/uhbs-standard/.venv/bin/python /Users/mz/Projects/uhbs-standard/scripts/tracker.py log-run-start --unit-id beelzebub-vnc --mode quick --uhbs-version 5.0.1 --grader-image uhbs:5.0.1 --target-image beelzebub:uhbs-lab --telemetry-mode mounted --airgap-attested
{"ok": true, "run_id": "0b3c4e62d2f24ef59f57d15a370e8c01", "unit_id": "beelzebub-vnc", "run_mode": "quick", "started_at": "2026-09-28T12:06:03Z"}
+ /Users/mz/Projects/uhbs-standard/.venv/bin/python /Users/mz/Projects/uhbs-standard/scripts/tracker.py log-run-finish --unit-id beelzebub-vnc --mode quick --out-dir /Users/mz/Projects/uhbs-standard/docs/conformance/latest/results-5.0.1/beelzebub/vnc/quick
{"ok": true, "run_id": "0b3c4e62d2f24ef59f57d15a370e8c01", "unit_id": "beelzebub-vnc", "run_mode": "quick", "run_status": "succeeded", "artifacts": [{"artifact_id": "5d3f69a17f3b4c678e6ed7a461a7fbc3", "type": "readme", "exists": true}, {"artifact_id": "875e7771d8624c069e525bcb5c69f7b1", "type": "scorecard", "exists": true}, {"artifact_id": "d789d87a9b9140b897aee411688b5ef2", "type": "report_txt", "exists": true}, {"artifact_id": "cfdfac98647d4faaa91ddc7bf1856d27", "type": "report_json", "exists": true}, {"artifact_id": "47258dadd11e4c6f9ef2594c509a9ab7", "type": "manifest", "exists": true}, {"artifact_id": "6c631277a17f45f99ec442b5a93013cd", "type": "run_meta", "exists": true}, {"artifact_id": "30f49e7f3d2c498c8c6c5d3fd901c9e0", "type": "run_log", "exists": true}]}
=== grading beelzebub-vnc [full] -> docs/conformance/latest/results-5.0.1/beelzebub/vnc/full
graded ok; log: docs/conformance/latest/results-5.0.1/beelzebub/vnc/full/uhbs-run.log
+ /Users/mz/Projects/uhbs-standard/.venv/bin/python /Users/mz/Projects/uhbs-standard/scripts/tracker.py log-run-start --unit-id beelzebub-vnc --mode full --uhbs-version 5.0.1 --grader-image uhbs:5.0.1-full --target-image beelzebub:uhbs-lab --telemetry-mode mounted --airgap-attested
{"ok": true, "run_id": "eb835b602e4a4ac09553b6300a407903", "unit_id": "beelzebub-vnc", "run_mode": "full", "started_at": "2026-09-28T12:06:20Z"}
+ /Users/mz/Projects/uhbs-standard/.venv/bin/python /Users/mz/Projects/uhbs-standard/scripts/tracker.py log-run-finish --unit-id beelzebub-vnc --mode full --out-dir /Users/mz/Projects/uhbs-standard/docs/conformance/latest/results-5.0.1/beelzebub/vnc/full --cast-path /Users/mz/Projects/uhbs-standard/docs/conformance/latest/results-5.0.1/beelzebub/vnc/full/proof/full-run.cast
{"ok": true, "run_id": "eb835b602e4a4ac09553b6300a407903", "unit_id": "beelzebub-vnc", "run_mode": "full", "run_status": "succeeded", "artifacts": [{"artifact_id": "1f2be3cc403e4c5c9e07220c2128ae53", "type": "readme", "exists": true}, {"artifact_id": "982af529d5ec4260ba7c26c8382a5507", "type": "scorecard", "exists": true}, {"artifact_id": "56af45e1d74b44948e5ee96a3d5d70db", "type": "report_txt", "exists": true}, {"artifact_id": "3b059ef4e83045939bbee0ba90896112", "type": "report_json", "exists": true}, {"artifact_id": "136075b0f0ab494c849fa67440ff1cd0", "type": "manifest", "exists": true}, {"artifact_id": "d2ab06c71bed45338d119144ddd3736e", "type": "run_meta", "exists": true}, {"artifact_id": "a742b3cdd3174faf885755413bf6b1d9", "type": "run_log", "exists": true}, {"artifact_id": "6271d608c8ba4426a2ca21fb6693f3d3", "type": "cast", "exists": true}]}
+ docker rm -f uhbs-target-beelzebub-vnc
uhbs-target-beelzebub-vnc
validate_unit: exit 1
FAIL beelzebub-vnc
- upstream_commit is not recorded on the unit
- fixture_path does not exist: docs/conformance/fixtures/beelzebub-vnc.scorecard.json
- quick: hash mismatch for uhbs-run.log: 38dfebfe32c82e75ddd8dd1fc64ea2349922884576b70bb65ca465e3193923f3 != dff7a106846b240833de52abb6f42d00bf63cba689a08e53acd7cf37187b529f
- full: hash mismatch for proof/full-run.cast: 025289bc944a9b1bec15cb8da14b84a702c3583059b01e1259f7688678db7bef != 1a3385ce11fd0e8b8b4cf120768a69f0e28d2c090edbb62b58e6493de4c625b7
- full: hash mismatch for uhbs-run.log: f4fd3b63aeee8444b6794c17b95c5193b661e618c5f9500b60105be37802134d != 55674c5ed0a1bfac090401d42c6b0807e7a338490e2178975cdf8a381f728a7a
- full: Module C incomplete (complete=false) — fix telemetry sink wiring / inject before publishing a full grade
- full run_executions.base_image is not recorded
- full run_executions.container_runtime_strategy is not recorded


=== beelzebub-vnc summary
  quick: UHQS=23.07 grade=F (Fail)
  full: UHQS=30.07 grade=F (Fail)
exit=0 beelzebub-vnc
=== conpot-http (12:06:21Z)
site resolved: conpot-http (alias conpot-lab, telemetry_dir /telemetry)
+ docker network create uhbs-lab
Error response from daemon: network with name uhbs-lab already exists
+ docker rm -f uhbs-target-conpot-http
+ docker run -d --name uhbs-target-conpot-http --label uhbs.unit=conpot-http --network uhbs-lab --network-alias conpot-lab -v /Users/mz/Projects/uhbs-standard/.local/labs/conpot-telemetry:/telemetry:rw -v /Users/mz/Projects/uhbs-standard/.local/labs/conpot-runtime/uhbs_http:/usr/local/lib/python3.14/site-packages/conpot/templates/uhbs_http:ro conpot:uhbs-lab --template uhbs_http --logfile /var/log/conpot/conpot.log -f --temp_dir /tmp
ea58d0d109327f1bf9926fa710f46c5d521e60fd0da3abae50a3a30b00b83696
+ docker run --rm --network uhbs-lab -v /Users/mz/Projects/uhbs-standard:/work -w /work --entrypoint python3 uhbs:5.0.1 scripts/preflight_unit.py --inventory /work/docs/conformance/labs/conpot/inventory.yaml --site conpot-http --json --timeout 3.0 --tps /work/docs/conformance/labs/conpot/web_api_http_full.yaml
preflight attempt 1: http:port_closed
+ docker run --rm --network uhbs-lab -v /Users/mz/Projects/uhbs-standard:/work -w /work --entrypoint python3 uhbs:5.0.1 scripts/preflight_unit.py --inventory /work/docs/conformance/labs/conpot/inventory.yaml --site conpot-http --json --timeout 3.0 --tps /work/docs/conformance/labs/conpot/web_api_http_full.yaml
preflight PASS: [{"protocol": "http", "host": "conpot-lab", "port": 80, "reachable": true, "class": "reachable", "detail": "tcp connect ok"}]
=== grading conpot-http [quick] -> docs/conformance/latest/results-5.0.1/conpot/http/quick
graded ok; log: docs/conformance/latest/results-5.0.1/conpot/http/quick/uhbs-run.log
+ /Users/mz/Projects/uhbs-standard/.venv/bin/python /Users/mz/Projects/uhbs-standard/scripts/tracker.py log-run-start --unit-id conpot-http --mode quick --uhbs-version 5.0.1 --grader-image uhbs:5.0.1 --target-image conpot:uhbs-lab --telemetry-mode mounted --airgap-attested
{"ok": true, "run_id": "b8031e62e6d94cf79bb3b6f786be37c0", "unit_id": "conpot-http", "run_mode": "quick", "started_at": "2026-09-28T12:06:31Z"}
+ /Users/mz/Projects/uhbs-standard/.venv/bin/python /Users/mz/Projects/uhbs-standard/scripts/tracker.py log-run-finish --unit-id conpot-http --mode quick --out-dir /Users/mz/Projects/uhbs-standard/docs/conformance/latest/results-5.0.1/conpot/http/quick
{"ok": true, "run_id": "b8031e62e6d94cf79bb3b6f786be37c0", "unit_id": "conpot-http", "run_mode": "quick", "run_status": "succeeded", "artifacts": [{"artifact_id": "40388b8d355f4f3ca032f33520193438", "type": "readme", "exists": true}, {"artifact_id": "27efd00e4ef14cf2b657673d5d59806b", "type": "scorecard", "exists": true}, {"artifact_id": "b96849c974c744dfab1072fbe8b2caae", "type": "report_txt", "exists": true}, {"artifact_id": "5514fcaf43394cfa8e0e7d20f452ac96", "type": "report_json", "exists": true}, {"artifact_id": "fade124de3514b5f8cb54b12bd2eda8d", "type": "manifest", "exists": true}, {"artifact_id": "1fc9d1fc306e44be8137e760724843fb", "type": "run_meta", "exists": true}, {"artifact_id": "eeb36d9393fd4e75bf3412902c386264", "type": "run_log", "exists": true}]}
=== grading conpot-http [full] -> docs/conformance/latest/results-5.0.1/conpot/http/full
graded ok; log: docs/conformance/latest/results-5.0.1/conpot/http/full/uhbs-run.log
+ /Users/mz/Projects/uhbs-standard/.venv/bin/python /Users/mz/Projects/uhbs-standard/scripts/tracker.py log-run-start --unit-id conpot-http --mode full --uhbs-version 5.0.1 --grader-image uhbs:5.0.1-full --target-image conpot:uhbs-lab --telemetry-mode mounted --airgap-attested
{"ok": true, "run_id": "eedbef179b0f4ddfa3d13941b5c8ce8b", "unit_id": "conpot-http", "run_mode": "full", "started_at": "2026-09-28T12:06:46Z"}
+ /Users/mz/Projects/uhbs-standard/.venv/bin/python /Users/mz/Projects/uhbs-standard/scripts/tracker.py log-run-finish --unit-id conpot-http --mode full --out-dir /Users/mz/Projects/uhbs-standard/docs/conformance/latest/results-5.0.1/conpot/http/full --cast-path /Users/mz/Projects/uhbs-standard/docs/conformance/latest/results-5.0.1/conpot/http/full/proof/full-run.cast
{"ok": true, "run_id": "eedbef179b0f4ddfa3d13941b5c8ce8b", "unit_id": "conpot-http", "run_mode": "full", "run_status": "succeeded", "artifacts": [{"artifact_id": "394afda6c8b049aa86cc6effc556366d", "type": "readme", "exists": true}, {"artifact_id": "f6da94e453a347bd87c2c6d21ada2a6c", "type": "scorecard", "exists": true}, {"artifact_id": "66db05c8895c470cb56094d1d9cdec84", "type": "report_txt", "exists": true}, {"artifact_id": "e133b63c7e6f4fbcb6469233bb864548", "type": "report_json", "exists": true}, {"artifact_id": "5e605e4a855d4ff8aae71d7580553cb8", "type": "manifest", "exists": true}, {"artifact_id": "eb033d77fa8049328d6a981f37b6d03b", "type": "run_meta", "exists": true}, {"artifact_id": "80758264c4b644c6aa4ba9570486c740", "type": "run_log", "exists": true}, {"artifact_id": "a5586b311fae4264aa517fc81d9f43ef", "type": "cast", "exists": true}]}
+ docker rm -f uhbs-target-conpot-http
uhbs-target-conpot-http
validate_unit: exit 1
FAIL conpot-http
- upstream_commit is not recorded on the unit
- fixture_path does not exist: docs/conformance/fixtures/conpot-http.scorecard.json
- quick: hash mismatch for uhbs-run.log: fbe12acb99d7497418cbaaf1f65210e541840e7cce23cc29f8d46afd88c2d860 != 34d14b30c11a5141abeaa0059e7af637786916e3ba4b2d40759edbfe98340ef7
- full: hash mismatch for proof/full-run.cast: b528c8fb530d0ea7501e357058ff1609f116ad3faf2df724b8bb5588b1126b1f != e7ba8182648b0a2891d4c39494c2ffbb86cf064a27309a2bc6f0c9c728b0f970
- full: hash mismatch for uhbs-run.log: 901c2a9dec37337644659b38b5d7682083899787dbbcee82b37b339eefbd1d1c != 84562074ae5401bf0003bb9f8c0dab7281fefee67962404b845260cfad592f38
- full: Module C empty/missing telemetry sink ('0 malformed / 0 records')
- full run_executions.base_image is not recorded
- full run_executions.container_runtime_strategy is not recorded


=== conpot-http summary
  quick: UHQS=53.0 grade=D (Needs Remediation)
  full: UHQS=63.51 grade=D (Needs Remediation)
exit=0 conpot-http
=== conpot-s7comm (12:06:46Z)
site resolved: conpot-s7comm (alias conpot-lab, telemetry_dir /telemetry)
+ docker network create uhbs-lab
Error response from daemon: network with name uhbs-lab already exists
+ docker rm -f uhbs-target-conpot-s7comm
+ docker run -d --name uhbs-target-conpot-s7comm --label uhbs.unit=conpot-s7comm --network uhbs-lab --network-alias conpot-lab -v /Users/mz/Projects/uhbs-standard/.local/labs/conpot-telemetry:/telemetry:rw -v /Users/mz/Projects/uhbs-standard/.local/labs/conpot-runtime/uhbs_s7comm:/usr/local/lib/python3.14/site-packages/conpot/templates/uhbs_s7comm:ro conpot:uhbs-lab --template uhbs_s7comm --logfile /var/log/conpot/conpot.log -f --temp_dir /tmp
1d6219f63b9a9428a25dae00445dab73f2e3084edc045018f0bd04238417bfed
+ docker run --rm --network uhbs-lab -v /Users/mz/Projects/uhbs-standard:/work -w /work --entrypoint python3 uhbs:5.0.1 scripts/preflight_unit.py --inventory /work/docs/conformance/labs/conpot/inventory.yaml --site conpot-s7comm --json --timeout 3.0 --tps /work/docs/conformance/labs/conpot/ics_scada_s7comm_full.yaml
preflight attempt 1: s7comm:port_closed
+ docker run --rm --network uhbs-lab -v /Users/mz/Projects/uhbs-standard:/work -w /work --entrypoint python3 uhbs:5.0.1 scripts/preflight_unit.py --inventory /work/docs/conformance/labs/conpot/inventory.yaml --site conpot-s7comm --json --timeout 3.0 --tps /work/docs/conformance/labs/conpot/ics_scada_s7comm_full.yaml
preflight PASS: [{"protocol": "s7comm", "host": "conpot-lab", "port": 102, "reachable": true, "class": "reachable", "detail": "tcp connect ok"}]
=== grading conpot-s7comm [quick] -> docs/conformance/latest/results-5.0.1/conpot/s7comm/quick
graded ok; log: docs/conformance/latest/results-5.0.1/conpot/s7comm/quick/uhbs-run.log
+ /Users/mz/Projects/uhbs-standard/.venv/bin/python /Users/mz/Projects/uhbs-standard/scripts/tracker.py log-run-start --unit-id conpot-s7comm --mode quick --uhbs-version 5.0.1 --grader-image uhbs:5.0.1 --target-image conpot:uhbs-lab --telemetry-mode mounted --airgap-attested
{"ok": true, "run_id": "32a20961880248eb98837ce3d57f7590", "unit_id": "conpot-s7comm", "run_mode": "quick", "started_at": "2026-09-28T12:07:01Z"}
+ /Users/mz/Projects/uhbs-standard/.venv/bin/python /Users/mz/Projects/uhbs-standard/scripts/tracker.py log-run-finish --unit-id conpot-s7comm --mode quick --out-dir /Users/mz/Projects/uhbs-standard/docs/conformance/latest/results-5.0.1/conpot/s7comm/quick
{"ok": true, "run_id": "32a20961880248eb98837ce3d57f7590", "unit_id": "conpot-s7comm", "run_mode": "quick", "run_status": "succeeded", "artifacts": [{"artifact_id": "f455209d94984636a7442c31b33a5ab4", "type": "readme", "exists": true}, {"artifact_id": "9323c211e5434278b00e4ece34798986", "type": "scorecard", "exists": true}, {"artifact_id": "1ec66146e70f44629d91426ad1d7c254", "type": "report_txt", "exists": true}, {"artifact_id": "075bbbd8c44142f7ba38cdb7a6d1ba72", "type": "report_json", "exists": true}, {"artifact_id": "e415af8a7bce4b8e96f1265977e81fa0", "type": "manifest", "exists": true}, {"artifact_id": "6bbce2649e804de58d312cfa835461cb", "type": "run_meta", "exists": true}, {"artifact_id": "67328f6e9ff04d91a2c88b8260c6726f", "type": "run_log", "exists": true}]}
=== grading conpot-s7comm [full] -> docs/conformance/latest/results-5.0.1/conpot/s7comm/full
graded ok; log: docs/conformance/latest/results-5.0.1/conpot/s7comm/full/uhbs-run.log
+ /Users/mz/Projects/uhbs-standard/.venv/bin/python /Users/mz/Projects/uhbs-standard/scripts/tracker.py log-run-start --unit-id conpot-s7comm --mode full --uhbs-version 5.0.1 --grader-image uhbs:5.0.1-full --target-image conpot:uhbs-lab --telemetry-mode mounted --airgap-attested
{"ok": true, "run_id": "5f659373750c48ceb365f0fc5217b70a", "unit_id": "conpot-s7comm", "run_mode": "full", "started_at": "2026-09-28T12:07:29Z"}
+ /Users/mz/Projects/uhbs-standard/.venv/bin/python /Users/mz/Projects/uhbs-standard/scripts/tracker.py log-run-finish --unit-id conpot-s7comm --mode full --out-dir /Users/mz/Projects/uhbs-standard/docs/conformance/latest/results-5.0.1/conpot/s7comm/full --cast-path /Users/mz/Projects/uhbs-standard/docs/conformance/latest/results-5.0.1/conpot/s7comm/full/proof/full-run.cast
{"ok": true, "run_id": "5f659373750c48ceb365f0fc5217b70a", "unit_id": "conpot-s7comm", "run_mode": "full", "run_status": "succeeded", "artifacts": [{"artifact_id": "7d2b944e1761459984b7a6567f69530e", "type": "readme", "exists": true}, {"artifact_id": "81e28007a7fc4c5c8141b8e0faa07551", "type": "scorecard", "exists": true}, {"artifact_id": "8f391f179ea842e585f8a08295ffb26d", "type": "report_txt", "exists": true}, {"artifact_id": "587eb5cbb0324f0680f0a73b1976da76", "type": "report_json", "exists": true}, {"artifact_id": "f0446001049542dc8ed5d2554379d3d0", "type": "manifest", "exists": true}, {"artifact_id": "45b03d43a38749c8b535c5bf2e23182b", "type": "run_meta", "exists": true}, {"artifact_id": "a1b26f66f66e4d5195ee78361985ea74", "type": "run_log", "exists": true}, {"artifact_id": "5e45ee7ba1504423ae5e4564b20c38d3", "type": "cast", "exists": true}]}
+ docker rm -f uhbs-target-conpot-s7comm
uhbs-target-conpot-s7comm
validate_unit: exit 1
FAIL conpot-s7comm
- upstream_commit is not recorded on the unit
- fixture_path does not exist: docs/conformance/fixtures/conpot-s7comm.scorecard.json
- quick: hash mismatch for uhbs-run.log: 0cb3693c426c99e1d8a67bc20526a5214c75b033efafbb80cb0c326905c57586 != e3e0faf02d0e6088b23611d10ca51d3a242a185eb76368b4d0aaefb1a8097d43
- full: hash mismatch for proof/full-run.cast: 666d0855d9b9acfdb11632724278f3864f0dcd2eb897960086a81be3cc839f52 != 0337feab484eb2a6fa92e25cc2153cf12879cd03b0db49a764d84b09888cf79c
- full: hash mismatch for uhbs-run.log: 7a6cf7a0e4eb39346669bc0ce61a2a47063fc70bb57e6ea6170d916387279cad != e7457fae4923ee6be3a112d5b5d9bf906249769a6fcb45c739528686eb7524d5
- full: Module C incomplete (complete=false) — fix telemetry sink wiring / inject before publishing a full grade
- full: Module C empty/missing telemetry sink ('0 malformed / 0 records')
- full run_executions.base_image is not recorded
- full run_executions.container_runtime_strategy is not recorded


=== conpot-s7comm summary
  quick: UHQS=55.2 grade=D (Needs Remediation)
  full: UHQS=69.2 grade=D (Needs Remediation)
exit=0 conpot-s7comm
=== cowrie-telnet (12:07:29Z)
site resolved: cowrie-telnet (alias cowrie-lab, telemetry_dir /telemetry)
+ docker network create uhbs-lab
Error response from daemon: network with name uhbs-lab already exists
+ docker rm -f uhbs-target-cowrie-telnet
+ docker run -d --name uhbs-target-cowrie-telnet --label uhbs.unit=cowrie-telnet --network uhbs-lab --network-alias cowrie-lab -v /Users/mz/Projects/uhbs-standard/.local/labs/cowrie-telemetry:/telemetry:rw -e COWRIE_TELNET_ENABLED=yes -v /Users/mz/Projects/uhbs-standard/docs/conformance/labs/cowrie/cowrie.cfg:/cowrie/cowrie-git/etc/cowrie.cfg:ro -v /Users/mz/Projects/uhbs-standard/.local/labs/cowrie-telemetry:/cowrie/cowrie-git/var/log/cowrie:rw cowrie/cowrie:latest
12ba81fe6e455bc215c6885e5c675f36b9e0b2d770b5e198e9c4e210c62f0d80
+ docker run --rm --network uhbs-lab -v /Users/mz/Projects/uhbs-standard:/work -w /work --entrypoint python3 uhbs:5.0.1 scripts/preflight_unit.py --inventory /work/docs/conformance/labs/cowrie/inventory.yaml --site cowrie-telnet --json --timeout 3.0 --tps /work/docs/conformance/labs/cowrie/low_interaction_telnet_full.yaml
preflight attempt 1: telnet:port_closed
+ docker run --rm --network uhbs-lab -v /Users/mz/Projects/uhbs-standard:/work -w /work --entrypoint python3 uhbs:5.0.1 scripts/preflight_unit.py --inventory /work/docs/conformance/labs/cowrie/inventory.yaml --site cowrie-telnet --json --timeout 3.0 --tps /work/docs/conformance/labs/cowrie/low_interaction_telnet_full.yaml
preflight PASS: [{"protocol": "telnet", "host": "cowrie-lab", "port": 2223, "reachable": true, "class": "reachable", "detail": "tcp connect ok"}]
=== grading cowrie-telnet [quick] -> docs/conformance/latest/results-5.0.1/cowrie/telnet/quick
graded ok; log: docs/conformance/latest/results-5.0.1/cowrie/telnet/quick/uhbs-run.log
+ /Users/mz/Projects/uhbs-standard/.venv/bin/python /Users/mz/Projects/uhbs-standard/scripts/tracker.py log-run-start --unit-id cowrie-telnet --mode quick --uhbs-version 5.0.1 --grader-image uhbs:5.0.1 --target-image cowrie/cowrie:latest --telemetry-mode mounted --airgap-attested
{"ok": true, "run_id": "d223d9da4d6c4408a58cfd274295d5e4", "unit_id": "cowrie-telnet", "run_mode": "quick", "started_at": "2026-09-28T12:07:49Z"}
+ /Users/mz/Projects/uhbs-standard/.venv/bin/python /Users/mz/Projects/uhbs-standard/scripts/tracker.py log-run-finish --unit-id cowrie-telnet --mode quick --out-dir /Users/mz/Projects/uhbs-standard/docs/conformance/latest/results-5.0.1/cowrie/telnet/quick
{"ok": true, "run_id": "d223d9da4d6c4408a58cfd274295d5e4", "unit_id": "cowrie-telnet", "run_mode": "quick", "run_status": "succeeded", "artifacts": [{"artifact_id": "efa92fb827b146fc945bf88e2502e7a5", "type": "readme", "exists": true}, {"artifact_id": "a216f29e1d424d76a7b26bc4e3f8ce5e", "type": "scorecard", "exists": true}, {"artifact_id": "947afad35b604926a9c7066213896ded", "type": "report_txt", "exists": true}, {"artifact_id": "14ffd02212284e2dbcc218c8e4a49266", "type": "report_json", "exists": true}, {"artifact_id": "3553b8673dab40409f3c9e6f5dc55918", "type": "manifest", "exists": true}, {"artifact_id": "537848e32253437d8185375632689a87", "type": "run_meta", "exists": true}, {"artifact_id": "0929e82a7c5e41edbe31fcda6b5842f7", "type": "run_log", "exists": true}]}
=== grading cowrie-telnet [full] -> docs/conformance/latest/results-5.0.1/cowrie/telnet/full
graded ok; log: docs/conformance/latest/results-5.0.1/cowrie/telnet/full/uhbs-run.log
+ /Users/mz/Projects/uhbs-standard/.venv/bin/python /Users/mz/Projects/uhbs-standard/scripts/tracker.py log-run-start --unit-id cowrie-telnet --mode full --uhbs-version 5.0.1 --grader-image uhbs:5.0.1-full --target-image cowrie/cowrie:latest --telemetry-mode mounted --airgap-attested
{"ok": true, "run_id": "9344593f42f64b0985e7073f1271fa87", "unit_id": "cowrie-telnet", "run_mode": "full", "started_at": "2026-09-28T12:08:16Z"}
+ /Users/mz/Projects/uhbs-standard/.venv/bin/python /Users/mz/Projects/uhbs-standard/scripts/tracker.py log-run-finish --unit-id cowrie-telnet --mode full --out-dir /Users/mz/Projects/uhbs-standard/docs/conformance/latest/results-5.0.1/cowrie/telnet/full --cast-path /Users/mz/Projects/uhbs-standard/docs/conformance/latest/results-5.0.1/cowrie/telnet/full/proof/full-run.cast
{"ok": true, "run_id": "9344593f42f64b0985e7073f1271fa87", "unit_id": "cowrie-telnet", "run_mode": "full", "run_status": "succeeded", "artifacts": [{"artifact_id": "04930861d5f24e078ec57adad51ad6f5", "type": "readme", "exists": true}, {"artifact_id": "95014628c0184d50b0b0c801e8782c52", "type": "scorecard", "exists": true}, {"artifact_id": "eb9781b152f0404c90938b558a782984", "type": "report_txt", "exists": true}, {"artifact_id": "70b7f91ffeae47c09a8df91ee9eec79f", "type": "report_json", "exists": true}, {"artifact_id": "9f70c499460b417784fe9363a4cc73fd", "type": "manifest", "exists": true}, {"artifact_id": "0c78bdbf7c924a8ba531d193a13ee5a1", "type": "run_meta", "exists": true}, {"artifact_id": "ee1c118955a64dc8aa3656c01022beee", "type": "run_log", "exists": true}, {"artifact_id": "5e8fb0844de845c79b30f7251fd5fd60", "type": "cast", "exists": true}]}
+ docker rm -f uhbs-target-cowrie-telnet
uhbs-target-cowrie-telnet
validate_unit: exit 1
FAIL cowrie-telnet
- upstream_commit is not recorded on the unit
- quick: hash mismatch for uhbs-run.log: 3c7884667a67670a7e5d2f8e35176252aab14aa8820a679591c5fdbd881f09b1 != a457fb42aa27d55714bfc2b8f0ed2aa59b4800d878aa4b9a907f3f0de1654b9d
- full: hash mismatch for proof/full-run.cast: 043acc5c9a711639ffe44d19a75a4912ee284100670e30725f45274620c291cc != 35039112c499ea2f444cb70a673903d1f76fb378e3e4fb30d700b8daf459b9a6
- full: hash mismatch for uhbs-run.log: 1e83aaff76c74519744035cd29b8a15217c6bf15ac707f444891cf674c056ccc != 379eba19762afbb1b4b96c3a0f745e5c66e53c948b3a9dcc2d3f3b87a84d5e76
- full: Module C incomplete (complete=false) — fix telemetry sink wiring / inject before publishing a full grade
- full run_executions.base_image is not recorded
- full run_executions.container_runtime_strategy is not recorded


=== cowrie-telnet summary
  quick: UHQS=48.98 grade=F (Fail)
  full: UHQS=58.48 grade=D (Needs Remediation)
exit=0 cowrie-telnet
=== datatrap-http (12:08:17Z)
site resolved: datatrap-http (alias datatrap-lab, telemetry_dir /telemetry)
+ docker network create uhbs-lab
Error response from daemon: network with name uhbs-lab already exists
+ docker rm -f uhbs-target-datatrap-http
+ docker run -d --name uhbs-target-datatrap-http --label uhbs.unit=datatrap-http --network uhbs-lab --network-alias datatrap-lab -v /Users/mz/Projects/uhbs-standard/.local/labs/datatrap-runtime/http:/telemetry:rw -v /Users/mz/Projects/uhbs-standard/.local/labs/datatrap-runtime/http:/data/honeypot:rw datatrap:uhbs-lab
e418e522e3b318ae6d72944b1b05f0d9c4a5605d1e98a1bb750dc83f66e1b61c
+ docker run --rm --network uhbs-lab -v /Users/mz/Projects/uhbs-standard:/work -w /work --entrypoint python3 uhbs:5.0.1 scripts/preflight_unit.py --inventory /work/docs/conformance/labs/datatrap/inventory.yaml --site datatrap-http --json --timeout 3.0 --tps /work/docs/conformance/labs/datatrap/web_api_http_full.yaml
preflight attempt 1: http:port_closed
+ docker run --rm --network uhbs-lab -v /Users/mz/Projects/uhbs-standard:/work -w /work --entrypoint python3 uhbs:5.0.1 scripts/preflight_unit.py --inventory /work/docs/conformance/labs/datatrap/inventory.yaml --site datatrap-http --json --timeout 3.0 --tps /work/docs/conformance/labs/datatrap/web_api_http_full.yaml
preflight PASS: [{"protocol": "http", "host": "datatrap-lab", "port": 8080, "reachable": true, "class": "reachable", "detail": "tcp connect ok"}]
=== grading datatrap-http [quick] -> docs/conformance/latest/results-5.0.1/datatrap/http/quick
graded ok; log: docs/conformance/latest/results-5.0.1/datatrap/http/quick/uhbs-run.log
+ /Users/mz/Projects/uhbs-standard/.venv/bin/python /Users/mz/Projects/uhbs-standard/scripts/tracker.py log-run-start --unit-id datatrap-http --mode quick --uhbs-version 5.0.1 --grader-image uhbs:5.0.1 --target-image datatrap:uhbs-lab --telemetry-mode mounted --airgap-attested
{"ok": true, "run_id": "06ca15e3a2e04f969ec0b59b61c38067", "unit_id": "datatrap-http", "run_mode": "quick", "started_at": "2026-09-28T12:08:25Z"}
+ /Users/mz/Projects/uhbs-standard/.venv/bin/python /Users/mz/Projects/uhbs-standard/scripts/tracker.py log-run-finish --unit-id datatrap-http --mode quick --out-dir /Users/mz/Projects/uhbs-standard/docs/conformance/latest/results-5.0.1/datatrap/http/quick
{"ok": true, "run_id": "06ca15e3a2e04f969ec0b59b61c38067", "unit_id": "datatrap-http", "run_mode": "quick", "run_status": "succeeded", "artifacts": [{"artifact_id": "0392ff726ffc4e658823f71b0f32e425", "type": "readme", "exists": true}, {"artifact_id": "9a51abb893364bfd9e2e3c7d4bbe630a", "type": "scorecard", "exists": true}, {"artifact_id": "36dd517f32454480811f2ec77ed7a2e7", "type": "report_txt", "exists": true}, {"artifact_id": "fa35e99a75704a5d98c480ad73a35f66", "type": "report_json", "exists": true}, {"artifact_id": "a171b19aee0d443293869cf240895b5e", "type": "manifest", "exists": true}, {"artifact_id": "6530a118405646459b974054977f4465", "type": "run_meta", "exists": true}, {"artifact_id": "3704fec833a149828745f6251f1c2fc8", "type": "run_log", "exists": true}]}
=== grading datatrap-http [full] -> docs/conformance/latest/results-5.0.1/datatrap/http/full
graded ok; log: docs/conformance/latest/results-5.0.1/datatrap/http/full/uhbs-run.log
+ /Users/mz/Projects/uhbs-standard/.venv/bin/python /Users/mz/Projects/uhbs-standard/scripts/tracker.py log-run-start --unit-id datatrap-http --mode full --uhbs-version 5.0.1 --grader-image uhbs:5.0.1-full --target-image datatrap:uhbs-lab --telemetry-mode mounted --airgap-attested
{"ok": true, "run_id": "4165bb5156e949c5aba964b324b5cfdf", "unit_id": "datatrap-http", "run_mode": "full", "started_at": "2026-09-28T12:08:33Z"}
+ /Users/mz/Projects/uhbs-standard/.venv/bin/python /Users/mz/Projects/uhbs-standard/scripts/tracker.py log-run-finish --unit-id datatrap-http --mode full --out-dir /Users/mz/Projects/uhbs-standard/docs/conformance/latest/results-5.0.1/datatrap/http/full --cast-path /Users/mz/Projects/uhbs-standard/docs/conformance/latest/results-5.0.1/datatrap/http/full/proof/full-run.cast
{"ok": true, "run_id": "4165bb5156e949c5aba964b324b5cfdf", "unit_id": "datatrap-http", "run_mode": "full", "run_status": "succeeded", "artifacts": [{"artifact_id": "625d557efc2c46bcbf6d1d58715c58ef", "type": "readme", "exists": true}, {"artifact_id": "42ec6f4ec41641d8a33b52c27ed32d32", "type": "scorecard", "exists": true}, {"artifact_id": "989f4adebf194dff99f7f69bfae733a1", "type": "report_txt", "exists": true}, {"artifact_id": "b6450fd94c934322b9e7fb00b6b4a220", "type": "report_json", "exists": true}, {"artifact_id": "8bae4015e89046ec999cf3fea3e13222", "type": "manifest", "exists": true}, {"artifact_id": "63cc2fd805274fc99c5e245fa5684050", "type": "run_meta", "exists": true}, {"artifact_id": "233dede43bbc40d9a520aeac0eb487e3", "type": "run_log", "exists": true}, {"artifact_id": "37105a1036f3412f8b8880b5ff5660d6", "type": "cast", "exists": true}]}
+ docker rm -f uhbs-target-datatrap-http
uhbs-target-datatrap-http
validate_unit: exit 1
FAIL datatrap-http
- upstream_commit is not recorded on the unit
- quick: hash mismatch for uhbs-run.log: bd19187f30e4813b87f0061cd3c320406c7eecbc55995c2e36f75a8176629bd1 != 5a6716265c3c1ae6539c86393f0503b353a063f4e5c02694022d3794d6e0aae6
- full: hash mismatch for proof/full-run.cast: 2fd61e6344d69183818e49f917b1ae2a3182497fc2c430cd24f12c95c6746637 != 20fa6974ec285841949ffbf5dc998150f1eba74f49870236f6c1759e1b294e7e
- full: hash mismatch for uhbs-run.log: 3d42c140f3201abb00fecb9d651ba57fc24cf34e891757faf2eb1360ade18cf6 != 69378f12ab7276929038df8db5bc7b31daefe002d493d5dd95b7ad6e788e482a
- full run_executions.base_image is not recorded
- full run_executions.container_runtime_strategy is not recorded


=== datatrap-http summary
  quick: UHQS=26.5 grade=F (Fail)
  full: UHQS=33.06 grade=F (Fail)
exit=0 datatrap-http
=== datatrap-mysql (12:08:34Z)
site resolved: datatrap-mysql (alias datatrap-lab, telemetry_dir /telemetry)
+ docker network create uhbs-lab
Error response from daemon: network with name uhbs-lab already exists
+ docker rm -f uhbs-target-datatrap-mysql
+ docker run -d --name uhbs-target-datatrap-mysql --label uhbs.unit=datatrap-mysql --network uhbs-lab --network-alias datatrap-lab -v /Users/mz/Projects/uhbs-standard/.local/labs/datatrap-runtime/mysql:/telemetry:rw -v /Users/mz/Projects/uhbs-standard/.local/labs/datatrap-runtime/mysql:/data/honeypot:rw datatrap:uhbs-lab
db78e14381593bac3b217c8ce81f67e5445badabf1d3558e00ed8a1ed7851112
+ docker run --rm --network uhbs-lab -v /Users/mz/Projects/uhbs-standard:/work -w /work --entrypoint python3 uhbs:5.0.1 scripts/preflight_unit.py --inventory /work/docs/conformance/labs/datatrap/inventory.yaml --site datatrap-mysql --json --timeout 3.0 --tps /work/docs/conformance/labs/datatrap/low_interaction_mysql_full.yaml
preflight attempt 1: mysql:port_closed
+ docker run --rm --network uhbs-lab -v /Users/mz/Projects/uhbs-standard:/work -w /work --entrypoint python3 uhbs:5.0.1 scripts/preflight_unit.py --inventory /work/docs/conformance/labs/datatrap/inventory.yaml --site datatrap-mysql --json --timeout 3.0 --tps /work/docs/conformance/labs/datatrap/low_interaction_mysql_full.yaml
preflight PASS: [{"protocol": "mysql", "host": "datatrap-lab", "port": 3306, "reachable": true, "class": "reachable", "detail": "tcp connect ok"}]
=== grading datatrap-mysql [quick] -> docs/conformance/latest/results-5.0.1/datatrap/mysql/quick
graded ok; log: docs/conformance/latest/results-5.0.1/datatrap/mysql/quick/uhbs-run.log
+ /Users/mz/Projects/uhbs-standard/.venv/bin/python /Users/mz/Projects/uhbs-standard/scripts/tracker.py log-run-start --unit-id datatrap-mysql --mode quick --uhbs-version 5.0.1 --grader-image uhbs:5.0.1 --target-image datatrap:uhbs-lab --telemetry-mode mounted --airgap-attested
{"ok": true, "run_id": "75b017f59c2c457ca90f559750e9b56e", "unit_id": "datatrap-mysql", "run_mode": "quick", "started_at": "2026-09-28T12:09:03Z"}
+ /Users/mz/Projects/uhbs-standard/.venv/bin/python /Users/mz/Projects/uhbs-standard/scripts/tracker.py log-run-finish --unit-id datatrap-mysql --mode quick --out-dir /Users/mz/Projects/uhbs-standard/docs/conformance/latest/results-5.0.1/datatrap/mysql/quick
{"ok": true, "run_id": "75b017f59c2c457ca90f559750e9b56e", "unit_id": "datatrap-mysql", "run_mode": "quick", "run_status": "succeeded", "artifacts": [{"artifact_id": "a89a0c158c4544b19f74535ff6e94d12", "type": "readme", "exists": true}, {"artifact_id": "b4b2c9ac0e2841e3b3a2d3edc40a8313", "type": "scorecard", "exists": true}, {"artifact_id": "b3d3e3bca3674b27a21e0e0d0877a9e2", "type": "report_txt", "exists": true}, {"artifact_id": "a6606c70c6264383bf272dcf8ee0e082", "type": "report_json", "exists": true}, {"artifact_id": "916662bd45c8444093724c624de2d541", "type": "manifest", "exists": true}, {"artifact_id": "ee8c89838b9b4c7b9f736d89764c91e7", "type": "run_meta", "exists": true}, {"artifact_id": "8e449ba94d704d5d9d69ea37b299c10c", "type": "run_log", "exists": true}]}
=== grading datatrap-mysql [full] -> docs/conformance/latest/results-5.0.1/datatrap/mysql/full
graded ok; log: docs/conformance/latest/results-5.0.1/datatrap/mysql/full/uhbs-run.log
+ /Users/mz/Projects/uhbs-standard/.venv/bin/python /Users/mz/Projects/uhbs-standard/scripts/tracker.py log-run-start --unit-id datatrap-mysql --mode full --uhbs-version 5.0.1 --grader-image uhbs:5.0.1-full --target-image datatrap:uhbs-lab --telemetry-mode mounted --airgap-attested
{"ok": true, "run_id": "2fd83bc1ff99477caf3849f7051ab9d7", "unit_id": "datatrap-mysql", "run_mode": "full", "started_at": "2026-09-28T12:57:02Z"}
+ /Users/mz/Projects/uhbs-standard/.venv/bin/python /Users/mz/Projects/uhbs-standard/scripts/tracker.py log-run-finish --unit-id datatrap-mysql --mode full --out-dir /Users/mz/Projects/uhbs-standard/docs/conformance/latest/results-5.0.1/datatrap/mysql/full --cast-path /Users/mz/Projects/uhbs-standard/docs/conformance/latest/results-5.0.1/datatrap/mysql/full/proof/full-run.cast
{"ok": true, "run_id": "2fd83bc1ff99477caf3849f7051ab9d7", "unit_id": "datatrap-mysql", "run_mode": "full", "run_status": "succeeded", "artifacts": [{"artifact_id": "da2080983d0a448390d5f67b3efd519c", "type": "readme", "exists": true}, {"artifact_id": "c19efdd9af604090acd293a014f4043f", "type": "scorecard", "exists": true}, {"artifact_id": "ff84da2298e644e18e728d61699851b8", "type": "report_txt", "exists": true}, {"artifact_id": "d800e1eac0f64b0fa6fc43d027a3c166", "type": "report_json", "exists": true}, {"artifact_id": "b3238e9f0a034851bab719ca30003fac", "type": "manifest", "exists": true}, {"artifact_id": "b1f4a3ddb9f6470691a9cf7d8e7ab693", "type": "run_meta", "exists": true}, {"artifact_id": "59bb09183bf742f88286c958012ff180", "type": "run_log", "exists": true}, {"artifact_id": "56b81f196ad047ad95fe051ff5590c22", "type": "cast", "exists": true}]}
+ docker rm -f uhbs-target-datatrap-mysql
uhbs-target-datatrap-mysql
validate_unit: exit 1
FAIL datatrap-mysql
- upstream_commit is not recorded on the unit
- quick: hash mismatch for uhbs-run.log: 58a5b39887160dc388ba3515562e0b32634eb256cdbd147761195edf79127c3d != 180a8fb42c151ead2a7eb013549e2e30927b709876c1836befeb4cfade231180
- full: hash mismatch for proof/full-run.cast: 6dc2cb832137e27e84855398db972aa13256f66cd573619671a0c082c3d47e84 != 6e8eee1df9041de4ac49652b16daf4899aa0e62f7f278783e753e4297b968143
- full: hash mismatch for uhbs-run.log: 0875bbf1680789d8181a9a60465bc842f819606da0de00cb681138ea5c96246f != 6158692d09fd31e79d63777224ee835d25a9781c98a8d6ed364586f980200aa8
- full: Module C incomplete (complete=false) — fix telemetry sink wiring / inject before publishing a full grade
- full run_executions.base_image is not recorded
- full run_executions.container_runtime_strategy is not recorded


=== datatrap-mysql summary
  quick: UHQS=20.99 grade=F (Fail)
  full: UHQS=14.41 grade=F (Fail)
exit=0 datatrap-mysql
=== datatrap-ssh (12:57:03Z)
site resolved: datatrap-ssh (alias datatrap-lab, telemetry_dir /telemetry)
+ docker network create uhbs-lab
Error response from daemon: network with name uhbs-lab already exists
+ docker rm -f uhbs-target-datatrap-ssh
+ docker run -d --name uhbs-target-datatrap-ssh --label uhbs.unit=datatrap-ssh --network uhbs-lab --network-alias datatrap-lab -v /Users/mz/Projects/uhbs-standard/.local/labs/datatrap-runtime/ssh:/telemetry:rw -v /Users/mz/Projects/uhbs-standard/.local/labs/datatrap-runtime/ssh:/data/honeypot:rw datatrap:uhbs-lab
94567aab368e22384c43448cfff7fff1684648e08bd31b7c6394c9d01be2a366
+ docker run --rm --network uhbs-lab -v /Users/mz/Projects/uhbs-standard:/work -w /work --entrypoint python3 uhbs:5.0.1 scripts/preflight_unit.py --inventory /work/docs/conformance/labs/datatrap/inventory.yaml --site datatrap-ssh --json --timeout 3.0 --tps /work/docs/conformance/labs/datatrap/low_interaction_ssh_full.yaml
preflight attempt 1: ssh:port_closed
+ docker run --rm --network uhbs-lab -v /Users/mz/Projects/uhbs-standard:/work -w /work --entrypoint python3 uhbs:5.0.1 scripts/preflight_unit.py --inventory /work/docs/conformance/labs/datatrap/inventory.yaml --site datatrap-ssh --json --timeout 3.0 --tps /work/docs/conformance/labs/datatrap/low_interaction_ssh_full.yaml
preflight PASS: [{"protocol": "ssh", "host": "datatrap-lab", "port": 2222, "reachable": true, "class": "reachable", "detail": "tcp connect ok"}]
=== grading datatrap-ssh [quick] -> docs/conformance/latest/results-5.0.1/datatrap/ssh/quick
graded ok; log: docs/conformance/latest/results-5.0.1/datatrap/ssh/quick/uhbs-run.log
+ /Users/mz/Projects/uhbs-standard/.venv/bin/python /Users/mz/Projects/uhbs-standard/scripts/tracker.py log-run-start --unit-id datatrap-ssh --mode quick --uhbs-version 5.0.1 --grader-image uhbs:5.0.1 --target-image datatrap:uhbs-lab --telemetry-mode mounted --airgap-attested
{"ok": true, "run_id": "c0a1c41a23b547f09cdf2ba516858ddb", "unit_id": "datatrap-ssh", "run_mode": "quick", "started_at": "2026-09-28T12:57:40Z"}
+ /Users/mz/Projects/uhbs-standard/.venv/bin/python /Users/mz/Projects/uhbs-standard/scripts/tracker.py log-run-finish --unit-id datatrap-ssh --mode quick --out-dir /Users/mz/Projects/uhbs-standard/docs/conformance/latest/results-5.0.1/datatrap/ssh/quick
{"ok": true, "run_id": "c0a1c41a23b547f09cdf2ba516858ddb", "unit_id": "datatrap-ssh", "run_mode": "quick", "run_status": "succeeded", "artifacts": [{"artifact_id": "c637c67d6d0f4bbfbf225aebebd416a5", "type": "readme", "exists": true}, {"artifact_id": "e2cab7c8a89f41deaa98acdc6ea52e1e", "type": "scorecard", "exists": true}, {"artifact_id": "48e321e9f29242adb99b53673fc2180c", "type": "report_txt", "exists": true}, {"artifact_id": "7a39211a9b8247349271bd9eceb674d6", "type": "report_json", "exists": true}, {"artifact_id": "7c18abdd2154415f8567f9fea28ecd56", "type": "manifest", "exists": true}, {"artifact_id": "e315a8aef8a94f308bed66f8f3e538f0", "type": "run_meta", "exists": true}, {"artifact_id": "668eb7a88cec4aab9f96f933c6f59e91", "type": "run_log", "exists": true}]}
=== grading datatrap-ssh [full] -> docs/conformance/latest/results-5.0.1/datatrap/ssh/full
graded ok; log: docs/conformance/latest/results-5.0.1/datatrap/ssh/full/uhbs-run.log
+ /Users/mz/Projects/uhbs-standard/.venv/bin/python /Users/mz/Projects/uhbs-standard/scripts/tracker.py log-run-start --unit-id datatrap-ssh --mode full --uhbs-version 5.0.1 --grader-image uhbs:5.0.1-full --target-image datatrap:uhbs-lab --telemetry-mode mounted --airgap-attested
{"ok": true, "run_id": "ca4e2245009c49b598ae174bb7280de9", "unit_id": "datatrap-ssh", "run_mode": "full", "started_at": "2026-09-28T12:58:27Z"}
+ /Users/mz/Projects/uhbs-standard/.venv/bin/python /Users/mz/Projects/uhbs-standard/scripts/tracker.py log-run-finish --unit-id datatrap-ssh --mode full --out-dir /Users/mz/Projects/uhbs-standard/docs/conformance/latest/results-5.0.1/datatrap/ssh/full --cast-path /Users/mz/Projects/uhbs-standard/docs/conformance/latest/results-5.0.1/datatrap/ssh/full/proof/full-run.cast
{"ok": true, "run_id": "ca4e2245009c49b598ae174bb7280de9", "unit_id": "datatrap-ssh", "run_mode": "full", "run_status": "succeeded", "artifacts": [{"artifact_id": "9e29268d2cd74aafa8a84efcb1a57a8b", "type": "readme", "exists": true}, {"artifact_id": "3f12250df53c43e3b33fbd1b5de1392c", "type": "scorecard", "exists": true}, {"artifact_id": "47946221a57d45fa8bfb054512f1008a", "type": "report_txt", "exists": true}, {"artifact_id": "4ff69f72a9e64c4aa695ece412870ec7", "type": "report_json", "exists": true}, {"artifact_id": "15fb66a75d6943748d353cdc94d5ca25", "type": "manifest", "exists": true}, {"artifact_id": "3832216fd6ba48108ca85d13e2ee6f2a", "type": "run_meta", "exists": true}, {"artifact_id": "61a89d6b54d6472baf4778e09e680dc1", "type": "run_log", "exists": true}, {"artifact_id": "b4e1636408674ab2859c231841ebd5bc", "type": "cast", "exists": true}]}
+ docker rm -f uhbs-target-datatrap-ssh
uhbs-target-datatrap-ssh
validate_unit: exit 1
FAIL datatrap-ssh
- upstream_commit is not recorded on the unit
- quick: hash mismatch for uhbs-run.log: 548369efeff6d4aadd39738d6633967d82c5d186bf9f9d6058d9611061c44e0b != 1c8028935657182c0d132414d28ea816e23b89dcf7cab34f763b352fbab09538
- full: hash mismatch for proof/full-run.cast: 87f2ba41fd95852ebda04298be4306d125f051376d2edf50bdb893d8d4eb58bb != d8c1519b02c40c756e62dc4b0b617cbb57ddc2cab0120d0fb99a092b5fa41a0d
- full: hash mismatch for uhbs-run.log: 6b13299400414bce2c9a393e21372d3a3de4737cff1fd788a786711599408d52 != f4a94a1640c096c13be023a3b95e5b4afb82ac8825696b11756cf75619734563
- full run_executions.base_image is not recorded
- full run_executions.container_runtime_strategy is not recorded


=== datatrap-ssh summary
  quick: UHQS=6.9 grade=F (Fail)
  full: UHQS=11.42 grade=F (Fail)
exit=0 datatrap-ssh
=== datatrap-telnet (12:58:28Z)
site resolved: datatrap-telnet (alias datatrap-lab, telemetry_dir /telemetry)
+ docker network create uhbs-lab
Error response from daemon: network with name uhbs-lab already exists
+ docker rm -f uhbs-target-datatrap-telnet
+ docker run -d --name uhbs-target-datatrap-telnet --label uhbs.unit=datatrap-telnet --network uhbs-lab --network-alias datatrap-lab -v /Users/mz/Projects/uhbs-standard/.local/labs/datatrap-runtime/telnet:/telemetry:rw -v /Users/mz/Projects/uhbs-standard/.local/labs/datatrap-runtime/telnet:/data/honeypot:rw datatrap:uhbs-lab
e697a16d6fd5d00a552d0113a6934730a13c97570015c734881941da106cd17d
+ docker run --rm --network uhbs-lab -v /Users/mz/Projects/uhbs-standard:/work -w /work --entrypoint python3 uhbs:5.0.1 scripts/preflight_unit.py --inventory /work/docs/conformance/labs/datatrap/inventory.yaml --site datatrap-telnet --json --timeout 3.0 --tps /work/docs/conformance/labs/datatrap/low_interaction_telnet_full.yaml
preflight attempt 1: telnet:port_closed
+ docker run --rm --network uhbs-lab -v /Users/mz/Projects/uhbs-standard:/work -w /work --entrypoint python3 uhbs:5.0.1 scripts/preflight_unit.py --inventory /work/docs/conformance/labs/datatrap/inventory.yaml --site datatrap-telnet --json --timeout 3.0 --tps /work/docs/conformance/labs/datatrap/low_interaction_telnet_full.yaml
preflight PASS: [{"protocol": "telnet", "host": "datatrap-lab", "port": 2323, "reachable": true, "class": "reachable", "detail": "tcp connect ok"}]
=== grading datatrap-telnet [quick] -> docs/conformance/latest/results-5.0.1/datatrap/telnet/quick
graded ok; log: docs/conformance/latest/results-5.0.1/datatrap/telnet/quick/uhbs-run.log
+ /Users/mz/Projects/uhbs-standard/.venv/bin/python /Users/mz/Projects/uhbs-standard/scripts/tracker.py log-run-start --unit-id datatrap-telnet --mode quick --uhbs-version 5.0.1 --grader-image uhbs:5.0.1 --target-image datatrap:uhbs-lab --telemetry-mode mounted --airgap-attested
{"ok": true, "run_id": "9aef385c223d4bd9b5617cdab1326614", "unit_id": "datatrap-telnet", "run_mode": "quick", "started_at": "2026-09-28T12:58:51Z"}
+ /Users/mz/Projects/uhbs-standard/.venv/bin/python /Users/mz/Projects/uhbs-standard/scripts/tracker.py log-run-finish --unit-id datatrap-telnet --mode quick --out-dir /Users/mz/Projects/uhbs-standard/docs/conformance/latest/results-5.0.1/datatrap/telnet/quick
{"ok": true, "run_id": "9aef385c223d4bd9b5617cdab1326614", "unit_id": "datatrap-telnet", "run_mode": "quick", "run_status": "succeeded", "artifacts": [{"artifact_id": "11501b67a9f3477797be50aa7254d239", "type": "readme", "exists": true}, {"artifact_id": "738981bafdeb4bc6a82e6a14a582402b", "type": "scorecard", "exists": true}, {"artifact_id": "1646ce94481544c3b1214fe9ccc161df", "type": "report_txt", "exists": true}, {"artifact_id": "dfdf34897ab644c799116ee6fdeeed65", "type": "report_json", "exists": true}, {"artifact_id": "ecff551d39a841cfa4d09da30991f1e2", "type": "manifest", "exists": true}, {"artifact_id": "06e041706e7944219072bbbed85382c1", "type": "run_meta", "exists": true}, {"artifact_id": "c2730e1897fd42fa81687794cbf357f4", "type": "run_log", "exists": true}]}
=== grading datatrap-telnet [full] -> docs/conformance/latest/results-5.0.1/datatrap/telnet/full
graded ok; log: docs/conformance/latest/results-5.0.1/datatrap/telnet/full/uhbs-run.log
+ /Users/mz/Projects/uhbs-standard/.venv/bin/python /Users/mz/Projects/uhbs-standard/scripts/tracker.py log-run-start --unit-id datatrap-telnet --mode full --uhbs-version 5.0.1 --grader-image uhbs:5.0.1-full --target-image datatrap:uhbs-lab --telemetry-mode mounted --airgap-attested
{"ok": true, "run_id": "c2b6fc4f0eaa44eaa97b80bda8657175", "unit_id": "datatrap-telnet", "run_mode": "full", "started_at": "2026-09-28T12:59:16Z"}
+ /Users/mz/Projects/uhbs-standard/.venv/bin/python /Users/mz/Projects/uhbs-standard/scripts/tracker.py log-run-finish --unit-id datatrap-telnet --mode full --out-dir /Users/mz/Projects/uhbs-standard/docs/conformance/latest/results-5.0.1/datatrap/telnet/full --cast-path /Users/mz/Projects/uhbs-standard/docs/conformance/latest/results-5.0.1/datatrap/telnet/full/proof/full-run.cast
{"ok": true, "run_id": "c2b6fc4f0eaa44eaa97b80bda8657175", "unit_id": "datatrap-telnet", "run_mode": "full", "run_status": "succeeded", "artifacts": [{"artifact_id": "753d35f73e194bdbbd58c05252d02100", "type": "readme", "exists": true}, {"artifact_id": "ecea141cd00b45af8669319289133a35", "type": "scorecard", "exists": true}, {"artifact_id": "3ef66a3d8c604ae4b7d6f4a303319de1", "type": "report_txt", "exists": true}, {"artifact_id": "4abfe73846344c17a51db3aade9c61d8", "type": "report_json", "exists": true}, {"artifact_id": "a07a0bb6469f4261a2f8759cf5b14731", "type": "manifest", "exists": true}, {"artifact_id": "b6f1c732b4824c75be5e28d3c848a393", "type": "run_meta", "exists": true}, {"artifact_id": "83686d34bf2d49ecb8c99dfc442f46de", "type": "run_log", "exists": true}, {"artifact_id": "47573f2cf47a4849b5279706d71d1bf2", "type": "cast", "exists": true}]}
+ docker rm -f uhbs-target-datatrap-telnet
uhbs-target-datatrap-telnet
validate_unit: exit 1
FAIL datatrap-telnet
- upstream_commit is not recorded on the unit
- quick: hash mismatch for uhbs-run.log: eeb67964e101f6ab26530bce7b9e8225fff5961dbf71cbcbcb53b849619c60cc != ae5fdfe0b694d3fada9611d34903377911616e048b442af3bb519d716c0a6fab
- full: hash mismatch for proof/full-run.cast: 2c9ed154da61def09fa87824848f9b31f89a1d3c10de216088c5326ab5cea7e6 != 5c2bf53d6309da78ee04374b2cfcda1fc58ac6fe28319a2f667329d5aeae8446
- full: hash mismatch for uhbs-run.log: d15770ad181f9b9dd91e22d194255fa7309d044d3a18e93e233ad69e91fbb170 != c8d05d64bb7d65eafda6060b08fb541da8f8de071296adea5c4390d3845a19ab
- full: Module C incomplete (complete=false) — fix telemetry sink wiring / inject before publishing a full grade
- full run_executions.base_image is not recorded
- full run_executions.container_runtime_strategy is not recorded


=== datatrap-telnet summary
  quick: UHQS=24.49 grade=F (Fail)
  full: UHQS=29.01 grade=F (Fail)
exit=0 datatrap-telnet
=== opencanary-ftp (12:59:17Z)
site resolved: opencanary-ftp (alias opencanary-lab, telemetry_dir /telemetry)
+ docker network create uhbs-lab
Error response from daemon: network with name uhbs-lab already exists
+ docker rm -f uhbs-target-opencanary-ftp
+ docker run -d --name uhbs-target-opencanary-ftp --label uhbs.unit=opencanary-ftp --network uhbs-lab --network-alias opencanary-lab -v /Users/mz/Projects/uhbs-standard/.local/labs/opencanary-telemetry:/telemetry:rw -v /Users/mz/Projects/uhbs-standard/docs/conformance/labs/opencanary/opencanary.conf:/opencanary/opencanary.conf:ro opencanary:uhbs-lab
519906d27f95d020e255a0a9dd7575cf7dd0cfa23398479857772d0de396a802
+ docker run --rm --network uhbs-lab -v /Users/mz/Projects/uhbs-standard:/work -w /work --entrypoint python3 uhbs:5.0.1 scripts/preflight_unit.py --inventory /work/docs/conformance/labs/opencanary/inventory.yaml --site opencanary-ftp --json --timeout 3.0 --tps /work/docs/conformance/labs/opencanary/low_interaction_ftp_full.yaml
preflight attempt 1: ftp:port_closed
+ docker run --rm --network uhbs-lab -v /Users/mz/Projects/uhbs-standard:/work -w /work --entrypoint python3 uhbs:5.0.1 scripts/preflight_unit.py --inventory /work/docs/conformance/labs/opencanary/inventory.yaml --site opencanary-ftp --json --timeout 3.0 --tps /work/docs/conformance/labs/opencanary/low_interaction_ftp_full.yaml
preflight PASS: [{"protocol": "ftp", "host": "opencanary-lab", "port": 21, "reachable": true, "class": "reachable", "detail": "tcp connect ok"}]
=== grading opencanary-ftp [quick] -> docs/conformance/latest/results-5.0.1/opencanary/ftp/quick
graded ok; log: docs/conformance/latest/results-5.0.1/opencanary/ftp/quick/uhbs-run.log
+ /Users/mz/Projects/uhbs-standard/.venv/bin/python /Users/mz/Projects/uhbs-standard/scripts/tracker.py log-run-start --unit-id opencanary-ftp --mode quick --uhbs-version 5.0.1 --grader-image uhbs:5.0.1 --target-image opencanary:uhbs-lab --telemetry-mode mounted --airgap-attested
{"ok": true, "run_id": "ebe016a55808432eb1599f8d9ab5bd63", "unit_id": "opencanary-ftp", "run_mode": "quick", "started_at": "2026-09-28T12:59:38Z"}
+ /Users/mz/Projects/uhbs-standard/.venv/bin/python /Users/mz/Projects/uhbs-standard/scripts/tracker.py log-run-finish --unit-id opencanary-ftp --mode quick --out-dir /Users/mz/Projects/uhbs-standard/docs/conformance/latest/results-5.0.1/opencanary/ftp/quick
{"ok": true, "run_id": "ebe016a55808432eb1599f8d9ab5bd63", "unit_id": "opencanary-ftp", "run_mode": "quick", "run_status": "succeeded", "artifacts": [{"artifact_id": "a2a5a28a63004d4eb681e63aac993e54", "type": "readme", "exists": true}, {"artifact_id": "29cbbe84d7bd438eb69abdd86e7ee14c", "type": "scorecard", "exists": true}, {"artifact_id": "319b3726fe22461abfac3853b874f99d", "type": "report_txt", "exists": true}, {"artifact_id": "628661c0e31b4abda438f2041bbe20b0", "type": "report_json", "exists": true}, {"artifact_id": "76dcbefddfda4f86ab30ca81b1631020", "type": "manifest", "exists": true}, {"artifact_id": "85feb812f0344423b3ca6c78336d8dae", "type": "run_meta", "exists": true}, {"artifact_id": "bdf8ae672bc544ac9e80580a5f1eb394", "type": "run_log", "exists": true}]}
=== grading opencanary-ftp [full] -> docs/conformance/latest/results-5.0.1/opencanary/ftp/full
graded ok; log: docs/conformance/latest/results-5.0.1/opencanary/ftp/full/uhbs-run.log
+ /Users/mz/Projects/uhbs-standard/.venv/bin/python /Users/mz/Projects/uhbs-standard/scripts/tracker.py log-run-start --unit-id opencanary-ftp --mode full --uhbs-version 5.0.1 --grader-image uhbs:5.0.1-full --target-image opencanary:uhbs-lab --telemetry-mode mounted --airgap-attested
{"ok": true, "run_id": "7f35e6f9102d4d9280f7015c69e891c4", "unit_id": "opencanary-ftp", "run_mode": "full", "started_at": "2026-09-28T13:00:07Z"}
+ /Users/mz/Projects/uhbs-standard/.venv/bin/python /Users/mz/Projects/uhbs-standard/scripts/tracker.py log-run-finish --unit-id opencanary-ftp --mode full --out-dir /Users/mz/Projects/uhbs-standard/docs/conformance/latest/results-5.0.1/opencanary/ftp/full --cast-path /Users/mz/Projects/uhbs-standard/docs/conformance/latest/results-5.0.1/opencanary/ftp/full/proof/full-run.cast
{"ok": true, "run_id": "7f35e6f9102d4d9280f7015c69e891c4", "unit_id": "opencanary-ftp", "run_mode": "full", "run_status": "succeeded", "artifacts": [{"artifact_id": "d1c37ee3ce9f4c81936dfaa4c3da2ea2", "type": "readme", "exists": true}, {"artifact_id": "22104caba1304dca9ba223e651d9e7e2", "type": "scorecard", "exists": true}, {"artifact_id": "da7d61a811344285a76423065a4702af", "type": "report_txt", "exists": true}, {"artifact_id": "207a7e419c54414db0782d8aeafb1975", "type": "report_json", "exists": true}, {"artifact_id": "c5fc8901969e46e38bb0519650b357f2", "type": "manifest", "exists": true}, {"artifact_id": "fef0e1aba17f4cf787693e7332518ae4", "type": "run_meta", "exists": true}, {"artifact_id": "46fa406074fd4cbeac12b2967a717c4c", "type": "run_log", "exists": true}, {"artifact_id": "78ef64dd9f0148508b80b45f2d17789a", "type": "cast", "exists": true}]}
+ docker rm -f uhbs-target-opencanary-ftp
uhbs-target-opencanary-ftp
validate_unit: exit 1
FAIL opencanary-ftp
- upstream_commit is not recorded on the unit
- quick: hash mismatch for uhbs-run.log: 30f8aa346c2c81f8be201490865cf394f08976248b989725b46aa3d64aa30cb9 != d7a80907bc230aa45e28b95b1909b575ad3bf6a8d8b98bb7fe6910d57486d3c8
- full: hash mismatch for proof/full-run.cast: e40764b9054fe88a44c8dbbb1fc6c5903f314e7f488758a782b51fca3f2199eb != 6abe1f9d36db311baab39fe03ff2f077ac86f213ce838ff24b85eb912f02cc04
- full: hash mismatch for uhbs-run.log: a7985d4152b2e6ea27a26bef6c9bd09063b83c327f600873ac01e8bc2b5477b2 != dddef456d91335131b5109d02e32ba5fab8d045232dcc729b7a6647d4dd41d0b
- full: Module C incomplete (complete=false) — fix telemetry sink wiring / inject before publishing a full grade
- full run_executions.base_image is not recorded
- full run_executions.container_runtime_strategy is not recorded


=== opencanary-ftp summary
  quick: UHQS=16.79 grade=F (Fail)
  full: UHQS=21.28 grade=F (Fail)
exit=0 opencanary-ftp
=== opencanary-git (13:00:07Z)
site resolved: opencanary-git (alias opencanary-lab, telemetry_dir /telemetry)
+ docker network create uhbs-lab
Error response from daemon: network with name uhbs-lab already exists
+ docker rm -f uhbs-target-opencanary-git
+ docker run -d --name uhbs-target-opencanary-git --label uhbs.unit=opencanary-git --network uhbs-lab --network-alias opencanary-lab -v /Users/mz/Projects/uhbs-standard/.local/labs/opencanary-telemetry:/telemetry:rw -v /Users/mz/Projects/uhbs-standard/docs/conformance/labs/opencanary/opencanary.conf:/opencanary/opencanary.conf:ro opencanary:uhbs-lab
7fc1a1b6cd9a888992689e390c95f13504b46a52f2dc71b13bce28b538e77481
+ docker run --rm --network uhbs-lab -v /Users/mz/Projects/uhbs-standard:/work -w /work --entrypoint python3 uhbs:5.0.1 scripts/preflight_unit.py --inventory /work/docs/conformance/labs/opencanary/inventory.yaml --site opencanary-git --json --timeout 3.0 --tps /work/docs/conformance/labs/opencanary/low_interaction_git_full.yaml
preflight attempt 1: git:port_closed
+ docker run --rm --network uhbs-lab -v /Users/mz/Projects/uhbs-standard:/work -w /work --entrypoint python3 uhbs:5.0.1 scripts/preflight_unit.py --inventory /work/docs/conformance/labs/opencanary/inventory.yaml --site opencanary-git --json --timeout 3.0 --tps /work/docs/conformance/labs/opencanary/low_interaction_git_full.yaml
preflight PASS: [{"protocol": "git", "host": "opencanary-lab", "port": 9418, "reachable": true, "class": "reachable", "detail": "tcp connect ok"}]
=== grading opencanary-git [quick] -> docs/conformance/latest/results-5.0.1/opencanary/git/quick
graded ok; log: docs/conformance/latest/results-5.0.1/opencanary/git/quick/uhbs-run.log
+ /Users/mz/Projects/uhbs-standard/.venv/bin/python /Users/mz/Projects/uhbs-standard/scripts/tracker.py log-run-start --unit-id opencanary-git --mode quick --uhbs-version 5.0.1 --grader-image uhbs:5.0.1 --target-image opencanary:uhbs-lab --telemetry-mode mounted --airgap-attested
{"ok": true, "run_id": "a54a3fef485e4c5eb1d37ebfa7cd6899", "unit_id": "opencanary-git", "run_mode": "quick", "started_at": "2026-09-28T13:00:16Z"}
+ /Users/mz/Projects/uhbs-standard/.venv/bin/python /Users/mz/Projects/uhbs-standard/scripts/tracker.py log-run-finish --unit-id opencanary-git --mode quick --out-dir /Users/mz/Projects/uhbs-standard/docs/conformance/latest/results-5.0.1/opencanary/git/quick
{"ok": true, "run_id": "a54a3fef485e4c5eb1d37ebfa7cd6899", "unit_id": "opencanary-git", "run_mode": "quick", "run_status": "succeeded", "artifacts": [{"artifact_id": "eb3f8137caa04966a4951993b2a49dbb", "type": "readme", "exists": true}, {"artifact_id": "58678a713ffa45fb9b39992ea3738dca", "type": "scorecard", "exists": true}, {"artifact_id": "4a143926bf1749ec8c8e27316e4e4b7d", "type": "report_txt", "exists": true}, {"artifact_id": "65f69faeb8274bf6afb4a00049051659", "type": "report_json", "exists": true}, {"artifact_id": "408492331caf42e4a8f53e51eaa0247a", "type": "manifest", "exists": true}, {"artifact_id": "fe09269e05f14e31b343829db6e8afff", "type": "run_meta", "exists": true}, {"artifact_id": "c1adc67a358144a18ed4d3e8a52b32b0", "type": "run_log", "exists": true}]}
=== grading opencanary-git [full] -> docs/conformance/latest/results-5.0.1/opencanary/git/full
graded ok; log: docs/conformance/latest/results-5.0.1/opencanary/git/full/uhbs-run.log
+ /Users/mz/Projects/uhbs-standard/.venv/bin/python /Users/mz/Projects/uhbs-standard/scripts/tracker.py log-run-start --unit-id opencanary-git --mode full --uhbs-version 5.0.1 --grader-image uhbs:5.0.1-full --target-image opencanary:uhbs-lab --telemetry-mode mounted --airgap-attested
{"ok": true, "run_id": "f840bbfef1a0420ebd5940dafd326894", "unit_id": "opencanary-git", "run_mode": "full", "started_at": "2026-09-28T13:00:34Z"}
+ /Users/mz/Projects/uhbs-standard/.venv/bin/python /Users/mz/Projects/uhbs-standard/scripts/tracker.py log-run-finish --unit-id opencanary-git --mode full --out-dir /Users/mz/Projects/uhbs-standard/docs/conformance/latest/results-5.0.1/opencanary/git/full --cast-path /Users/mz/Projects/uhbs-standard/docs/conformance/latest/results-5.0.1/opencanary/git/full/proof/full-run.cast
{"ok": true, "run_id": "f840bbfef1a0420ebd5940dafd326894", "unit_id": "opencanary-git", "run_mode": "full", "run_status": "succeeded", "artifacts": [{"artifact_id": "30b6cfc82e2c4f11a798c5c974dcbea3", "type": "readme", "exists": true}, {"artifact_id": "9d55644c8f884e7cb68cd8675706b472", "type": "scorecard", "exists": true}, {"artifact_id": "7c3a52574b674f2693e4626bcde83044", "type": "report_txt", "exists": true}, {"artifact_id": "cb65caec5d7e4758b3bbab564af0712c", "type": "report_json", "exists": true}, {"artifact_id": "d1f2e569eff54a4f9223bfe7994d112d", "type": "manifest", "exists": true}, {"artifact_id": "71f46dcec74a47cbbad95882c54e0fac", "type": "run_meta", "exists": true}, {"artifact_id": "5531f8dfb0a14be2844671d3badfa42e", "type": "run_log", "exists": true}, {"artifact_id": "61e5d757b5e6492c84c6b8f8136f05d5", "type": "cast", "exists": true}]}
+ docker rm -f uhbs-target-opencanary-git
uhbs-target-opencanary-git
validate_unit: exit 1
FAIL opencanary-git
- upstream_commit is not recorded on the unit
- quick: hash mismatch for uhbs-run.log: 7ee32226264d30360366bc0a6de5a86e7dd4a0db0cb37a633e464dda2390433c != a55bd898fd74d64e7c452808f2db298f1c1bbe4fb49338e984a8182a4e688416
- full: hash mismatch for proof/full-run.cast: c93500c935c6ac458d75804d5d1248be31ef53c76637af20a2756e36b47a7cf2 != ce7add8fd75c5390f574fb87aebdc57ebd0b90e8d62b6deedb0b67914adda45e
- full: hash mismatch for uhbs-run.log: 1ceb51c219419fc7ba1d343dc636a7d4cb816442a741d5e5e98b3fb770e563bb != 0585df4d577a8a0bcb956df8dff6f2bfeb844dc7183d19b644bb619d8376a196
- full: Module C incomplete (complete=false) — fix telemetry sink wiring / inject before publishing a full grade
- full run_executions.base_image is not recorded
- full run_executions.container_runtime_strategy is not recorded


=== opencanary-git summary
  quick: UHQS=23.67 grade=F (Fail)
  full: UHQS=28.17 grade=F (Fail)
exit=0 opencanary-git
=== opencanary-http (13:00:35Z)
site resolved: opencanary-http (alias opencanary-lab, telemetry_dir /telemetry)
+ docker network create uhbs-lab
Error response from daemon: network with name uhbs-lab already exists
+ docker rm -f uhbs-target-opencanary-http
+ docker run -d --name uhbs-target-opencanary-http --label uhbs.unit=opencanary-http --network uhbs-lab --network-alias opencanary-lab -v /Users/mz/Projects/uhbs-standard/.local/labs/opencanary-telemetry:/telemetry:rw -v /Users/mz/Projects/uhbs-standard/docs/conformance/labs/opencanary/opencanary.conf:/opencanary/opencanary.conf:ro opencanary:uhbs-lab
b84af8df48384d3fdc8956204e51a6daacb64bc8fd70d30cb92ac3d86f6330ae
+ docker run --rm --network uhbs-lab -v /Users/mz/Projects/uhbs-standard:/work -w /work --entrypoint python3 uhbs:5.0.1 scripts/preflight_unit.py --inventory /work/docs/conformance/labs/opencanary/inventory.yaml --site opencanary-http --json --timeout 3.0 --tps /work/docs/conformance/labs/opencanary/web_api_http_full.yaml
preflight attempt 1: http:port_closed
+ docker run --rm --network uhbs-lab -v /Users/mz/Projects/uhbs-standard:/work -w /work --entrypoint python3 uhbs:5.0.1 scripts/preflight_unit.py --inventory /work/docs/conformance/labs/opencanary/inventory.yaml --site opencanary-http --json --timeout 3.0 --tps /work/docs/conformance/labs/opencanary/web_api_http_full.yaml
preflight PASS: [{"protocol": "http", "host": "opencanary-lab", "port": 80, "reachable": true, "class": "reachable", "detail": "tcp connect ok"}]
=== grading opencanary-http [quick] -> docs/conformance/latest/results-5.0.1/opencanary/http/quick
graded ok; log: docs/conformance/latest/results-5.0.1/opencanary/http/quick/uhbs-run.log
+ /Users/mz/Projects/uhbs-standard/.venv/bin/python /Users/mz/Projects/uhbs-standard/scripts/tracker.py log-run-start --unit-id opencanary-http --mode quick --uhbs-version 5.0.1 --grader-image uhbs:5.0.1 --target-image opencanary:uhbs-lab --telemetry-mode mounted --airgap-attested
{"ok": true, "run_id": "2df9bf5fdf9746acabc183f624a4af8d", "unit_id": "opencanary-http", "run_mode": "quick", "started_at": "2026-09-28T13:01:00Z"}
+ /Users/mz/Projects/uhbs-standard/.venv/bin/python /Users/mz/Projects/uhbs-standard/scripts/tracker.py log-run-finish --unit-id opencanary-http --mode quick --out-dir /Users/mz/Projects/uhbs-standard/docs/conformance/latest/results-5.0.1/opencanary/http/quick
{"ok": true, "run_id": "2df9bf5fdf9746acabc183f624a4af8d", "unit_id": "opencanary-http", "run_mode": "quick", "run_status": "succeeded", "artifacts": [{"artifact_id": "2ce66c75359e42e49b263bb4798dd7db", "type": "readme", "exists": true}, {"artifact_id": "45f1d92a12654b5394a08edb90aebe9c", "type": "scorecard", "exists": true}, {"artifact_id": "f6836429c6c345fc9ecbb09edc412539", "type": "report_txt", "exists": true}, {"artifact_id": "d9a6c239d6c2483f99aa85acc23cf048", "type": "report_json", "exists": true}, {"artifact_id": "0da481de909247749b87899032024d63", "type": "manifest", "exists": true}, {"artifact_id": "b38b1ab3d2bc4e2c81b12ee12cfe2512", "type": "run_meta", "exists": true}, {"artifact_id": "b8706ead721c4562b591f420c9fb788b", "type": "run_log", "exists": true}]}
=== grading opencanary-http [full] -> docs/conformance/latest/results-5.0.1/opencanary/http/full
graded ok; log: docs/conformance/latest/results-5.0.1/opencanary/http/full/uhbs-run.log
+ /Users/mz/Projects/uhbs-standard/.venv/bin/python /Users/mz/Projects/uhbs-standard/scripts/tracker.py log-run-start --unit-id opencanary-http --mode full --uhbs-version 5.0.1 --grader-image uhbs:5.0.1-full --target-image opencanary:uhbs-lab --telemetry-mode mounted --airgap-attested
{"ok": true, "run_id": "b7c7422ea1e14a38995498c8b4188970", "unit_id": "opencanary-http", "run_mode": "full", "started_at": "2026-09-28T13:01:38Z"}
+ /Users/mz/Projects/uhbs-standard/.venv/bin/python /Users/mz/Projects/uhbs-standard/scripts/tracker.py log-run-finish --unit-id opencanary-http --mode full --out-dir /Users/mz/Projects/uhbs-standard/docs/conformance/latest/results-5.0.1/opencanary/http/full --cast-path /Users/mz/Projects/uhbs-standard/docs/conformance/latest/results-5.0.1/opencanary/http/full/proof/full-run.cast
{"ok": true, "run_id": "b7c7422ea1e14a38995498c8b4188970", "unit_id": "opencanary-http", "run_mode": "full", "run_status": "succeeded", "artifacts": [{"artifact_id": "df8080d829ed4b4b955c902b45cb9632", "type": "readme", "exists": true}, {"artifact_id": "04b8c2d081654a84959211336f9fc24a", "type": "scorecard", "exists": true}, {"artifact_id": "bf426e0ac6754eaaa4ddba7ac7dbc9e1", "type": "report_txt", "exists": true}, {"artifact_id": "ea22c463ec21432c89483256fbeb62cd", "type": "report_json", "exists": true}, {"artifact_id": "acd6091bcaed4e7e8e1cbaf7af98517c", "type": "manifest", "exists": true}, {"artifact_id": "a0107347c5414960bbd59e5057648ddf", "type": "run_meta", "exists": true}, {"artifact_id": "4f3cbcdf4fa54808ab27a506fe9ee9cc", "type": "run_log", "exists": true}, {"artifact_id": "9f89cf9e89244907ac70eb397c2657fd", "type": "cast", "exists": true}]}
+ docker rm -f uhbs-target-opencanary-http
uhbs-target-opencanary-http
validate_unit: exit 1
FAIL opencanary-http
- upstream_commit is not recorded on the unit
- quick: hash mismatch for uhbs-run.log: ed7771f93dcbf7e019fae8ac4508413de7b70fc12a7c955720116933ef187f44 != eda8e56389d1ecf8bdf3187d8b372e4adaf9f6696eca06d3e9ff782faf7c3af5
- full: hash mismatch for proof/full-run.cast: eedec44a6c80a950053c31166a0c0c9b407291fde064025130d7bf42d284a4d0 != eb2d35d1be8b2c09424d41ce871d81d4de87a444d55a4342a14fe67fda8f78af
- full: hash mismatch for uhbs-run.log: f7667289e99324cf57f7487099d0cead8995068c4b3f22638ddf80e07abb8506 != 704f824f34b6b35d33ea3add66d71a68ff0f85c7f92a373a3a7fd29de0df367f
- full run_executions.base_image is not recorded
- full run_executions.container_runtime_strategy is not recorded


=== opencanary-http summary
  quick: UHQS=25.33 grade=F (Fail)
  full: UHQS=32.07 grade=F (Fail)
exit=0 opencanary-http
=== opencanary-mysql (13:01:39Z)
site resolved: opencanary-mysql (alias opencanary-lab, telemetry_dir /telemetry)
+ docker network create uhbs-lab
Error response from daemon: network with name uhbs-lab already exists
+ docker rm -f uhbs-target-opencanary-mysql
+ docker run -d --name uhbs-target-opencanary-mysql --label uhbs.unit=opencanary-mysql --network uhbs-lab --network-alias opencanary-lab -v /Users/mz/Projects/uhbs-standard/.local/labs/opencanary-telemetry:/telemetry:rw -v /Users/mz/Projects/uhbs-standard/docs/conformance/labs/opencanary/opencanary.conf:/opencanary/opencanary.conf:ro opencanary:uhbs-lab
289566a86d4bb1526c52b2a5bd169f68dbaca4eabf740a6e8096c03576d8cedd
+ docker run --rm --network uhbs-lab -v /Users/mz/Projects/uhbs-standard:/work -w /work --entrypoint python3 uhbs:5.0.1 scripts/preflight_unit.py --inventory /work/docs/conformance/labs/opencanary/inventory.yaml --site opencanary-mysql --json --timeout 3.0 --tps /work/docs/conformance/labs/opencanary/low_interaction_mysql_full.yaml
preflight attempt 1: mysql:port_closed
+ docker run --rm --network uhbs-lab -v /Users/mz/Projects/uhbs-standard:/work -w /work --entrypoint python3 uhbs:5.0.1 scripts/preflight_unit.py --inventory /work/docs/conformance/labs/opencanary/inventory.yaml --site opencanary-mysql --json --timeout 3.0 --tps /work/docs/conformance/labs/opencanary/low_interaction_mysql_full.yaml
preflight PASS: [{"protocol": "mysql", "host": "opencanary-lab", "port": 3306, "reachable": true, "class": "reachable", "detail": "tcp connect ok"}]
=== grading opencanary-mysql [quick] -> docs/conformance/latest/results-5.0.1/opencanary/mysql/quick
graded ok; log: docs/conformance/latest/results-5.0.1/opencanary/mysql/quick/uhbs-run.log
+ /Users/mz/Projects/uhbs-standard/.venv/bin/python /Users/mz/Projects/uhbs-standard/scripts/tracker.py log-run-start --unit-id opencanary-mysql --mode quick --uhbs-version 5.0.1 --grader-image uhbs:5.0.1 --target-image opencanary:uhbs-lab --telemetry-mode mounted --airgap-attested
{"ok": true, "run_id": "3ac8fbe110f146d1849350ad400e336e", "unit_id": "opencanary-mysql", "run_mode": "quick", "started_at": "2026-09-28T13:02:10Z"}
+ /Users/mz/Projects/uhbs-standard/.venv/bin/python /Users/mz/Projects/uhbs-standard/scripts/tracker.py log-run-finish --unit-id opencanary-mysql --mode quick --out-dir /Users/mz/Projects/uhbs-standard/docs/conformance/latest/results-5.0.1/opencanary/mysql/quick
{"ok": true, "run_id": "3ac8fbe110f146d1849350ad400e336e", "unit_id": "opencanary-mysql", "run_mode": "quick", "run_status": "succeeded", "artifacts": [{"artifact_id": "b450f29f9b7542a4bf69cab8e374cecb", "type": "readme", "exists": true}, {"artifact_id": "3320eb7668ec41c292abc4f51f0e5b30", "type": "scorecard", "exists": true}, {"artifact_id": "66edd3f65c6840e9bfa2951cd82073f0", "type": "report_txt", "exists": true}, {"artifact_id": "ac53fc9c73f6407b8e917b5c0877c660", "type": "report_json", "exists": true}, {"artifact_id": "d6343a442ad34f3ba1ee82d0ed504a9f", "type": "manifest", "exists": true}, {"artifact_id": "a7b2f26e3d6d48db891da2bdd062d110", "type": "run_meta", "exists": true}, {"artifact_id": "f19b1818e31440a3a8863b40175a1d37", "type": "run_log", "exists": true}]}
=== grading opencanary-mysql [full] -> docs/conformance/latest/results-5.0.1/opencanary/mysql/full
graded ok; log: docs/conformance/latest/results-5.0.1/opencanary/mysql/full/uhbs-run.log
+ /Users/mz/Projects/uhbs-standard/.venv/bin/python /Users/mz/Projects/uhbs-standard/scripts/tracker.py log-run-start --unit-id opencanary-mysql --mode full --uhbs-version 5.0.1 --grader-image uhbs:5.0.1-full --target-image opencanary:uhbs-lab --telemetry-mode mounted --airgap-attested
{"ok": true, "run_id": "36c05ab4ffc8405bb43f37337217176e", "unit_id": "opencanary-mysql", "run_mode": "full", "started_at": "2026-09-28T13:02:42Z"}
+ /Users/mz/Projects/uhbs-standard/.venv/bin/python /Users/mz/Projects/uhbs-standard/scripts/tracker.py log-run-finish --unit-id opencanary-mysql --mode full --out-dir /Users/mz/Projects/uhbs-standard/docs/conformance/latest/results-5.0.1/opencanary/mysql/full --cast-path /Users/mz/Projects/uhbs-standard/docs/conformance/latest/results-5.0.1/opencanary/mysql/full/proof/full-run.cast
{"ok": true, "run_id": "36c05ab4ffc8405bb43f37337217176e", "unit_id": "opencanary-mysql", "run_mode": "full", "run_status": "succeeded", "artifacts": [{"artifact_id": "9cecf53aff46450995cffb56c624da79", "type": "readme", "exists": true}, {"artifact_id": "17490ae920744fe68b8109969128ac36", "type": "scorecard", "exists": true}, {"artifact_id": "f5a171c65ebd4159928d78c248e80be7", "type": "report_txt", "exists": true}, {"artifact_id": "883f8a84ee0042ed95f6a658af7873a0", "type": "report_json", "exists": true}, {"artifact_id": "4e1e0ce4b41c4b26afefeb7e25c8259d", "type": "manifest", "exists": true}, {"artifact_id": "2703344e8deb4081a0a212bfb3b5aeb6", "type": "run_meta", "exists": true}, {"artifact_id": "ffc035d8ed464600b195de9e48906e10", "type": "run_log", "exists": true}, {"artifact_id": "3d264fa4694f42479ba40c12195957de", "type": "cast", "exists": true}]}
+ docker rm -f uhbs-target-opencanary-mysql
uhbs-target-opencanary-mysql
validate_unit: exit 1
FAIL opencanary-mysql
- upstream_commit is not recorded on the unit
- quick: hash mismatch for uhbs-run.log: fb81ad353b9131971c291a99559b64194e956a7ee32683bccd0db9c7274001d9 != 7bce7753dbe30d5c32bf565a3172e2f4d7262e7a8b7c9238e601d96d87c1052f
- full: hash mismatch for proof/full-run.cast: 13af12e3dd98762a3a48a48315b9bdde7f72e00d7bd942e1ecadaf4114111733 != 82d8fa9514847bd5103b1d271d462f63b0c58b6e73fd7dccdaacff19bf23f4b1
- full: hash mismatch for uhbs-run.log: 4ad3bd2dc23bda5d2508d98e4aba180a92d64bea9fbeca94b38e25e06774ab99 != eb910ee8b0776294ccefad4805a4f2fae947799c29e86f33827955384c8aa72a
- full: Module C incomplete (complete=false) — fix telemetry sink wiring / inject before publishing a full grade
- full run_executions.base_image is not recorded
- full run_executions.container_runtime_strategy is not recorded


=== opencanary-mysql summary
  quick: UHQS=23.99 grade=F (Fail)
  full: UHQS=28.7 grade=F (Fail)
exit=0 opencanary-mysql
=== opencanary-rdp (13:02:43Z)
site resolved: opencanary-rdp (alias opencanary-lab, telemetry_dir /telemetry)
+ docker network create uhbs-lab
Error response from daemon: network with name uhbs-lab already exists
+ docker rm -f uhbs-target-opencanary-rdp
+ docker run -d --name uhbs-target-opencanary-rdp --label uhbs.unit=opencanary-rdp --network uhbs-lab --network-alias opencanary-lab -v /Users/mz/Projects/uhbs-standard/.local/labs/opencanary-telemetry:/telemetry:rw -v /Users/mz/Projects/uhbs-standard/docs/conformance/labs/opencanary/opencanary.conf:/opencanary/opencanary.conf:ro opencanary:uhbs-lab
d34fbf3871165b9de09a6386486a0ecd7a0aa214b5c82cb354503486d7d94495
+ docker run --rm --network uhbs-lab -v /Users/mz/Projects/uhbs-standard:/work -w /work --entrypoint python3 uhbs:5.0.1 scripts/preflight_unit.py --inventory /work/docs/conformance/labs/opencanary/inventory.yaml --site opencanary-rdp --json --timeout 3.0 --tps /work/docs/conformance/labs/opencanary/low_interaction_rdp_full.yaml
preflight attempt 1: rdp:port_closed
+ docker run --rm --network uhbs-lab -v /Users/mz/Projects/uhbs-standard:/work -w /work --entrypoint python3 uhbs:5.0.1 scripts/preflight_unit.py --inventory /work/docs/conformance/labs/opencanary/inventory.yaml --site opencanary-rdp --json --timeout 3.0 --tps /work/docs/conformance/labs/opencanary/low_interaction_rdp_full.yaml
preflight PASS: [{"protocol": "rdp", "host": "opencanary-lab", "port": 3389, "reachable": true, "class": "reachable", "detail": "tcp connect ok"}]
=== grading opencanary-rdp [quick] -> docs/conformance/latest/results-5.0.1/opencanary/rdp/quick
graded ok; log: docs/conformance/latest/results-5.0.1/opencanary/rdp/quick/uhbs-run.log
+ /Users/mz/Projects/uhbs-standard/.venv/bin/python /Users/mz/Projects/uhbs-standard/scripts/tracker.py log-run-start --unit-id opencanary-rdp --mode quick --uhbs-version 5.0.1 --grader-image uhbs:5.0.1 --target-image opencanary:uhbs-lab --telemetry-mode mounted --airgap-attested
{"ok": true, "run_id": "5d27adfb5355433eb03d5985c32bdeb2", "unit_id": "opencanary-rdp", "run_mode": "quick", "started_at": "2026-09-28T13:02:53Z"}
+ /Users/mz/Projects/uhbs-standard/.venv/bin/python /Users/mz/Projects/uhbs-standard/scripts/tracker.py log-run-finish --unit-id opencanary-rdp --mode quick --out-dir /Users/mz/Projects/uhbs-standard/docs/conformance/latest/results-5.0.1/opencanary/rdp/quick
{"ok": true, "run_id": "5d27adfb5355433eb03d5985c32bdeb2", "unit_id": "opencanary-rdp", "run_mode": "quick", "run_status": "succeeded", "artifacts": [{"artifact_id": "5022f2303bc942a6b6e4f8e93b0aec9a", "type": "readme", "exists": true}, {"artifact_id": "c9482572b9684999aab9871ab049f73c", "type": "scorecard", "exists": true}, {"artifact_id": "ca1b2d2844db4f6ba645cb458332c8d0", "type": "report_txt", "exists": true}, {"artifact_id": "0d7e0391db454aed9d3f3188341a1541", "type": "report_json", "exists": true}, {"artifact_id": "8f75ec73842545e8a836656fc1a0fe55", "type": "manifest", "exists": true}, {"artifact_id": "735ff79f95cb4084abbd6c0cd41586a5", "type": "run_meta", "exists": true}, {"artifact_id": "2049ef4cff81402a926959fae78385d6", "type": "run_log", "exists": true}]}
=== grading opencanary-rdp [full] -> docs/conformance/latest/results-5.0.1/opencanary/rdp/full
graded ok; log: docs/conformance/latest/results-5.0.1/opencanary/rdp/full/uhbs-run.log
+ /Users/mz/Projects/uhbs-standard/.venv/bin/python /Users/mz/Projects/uhbs-standard/scripts/tracker.py log-run-start --unit-id opencanary-rdp --mode full --uhbs-version 5.0.1 --grader-image uhbs:5.0.1-full --target-image opencanary:uhbs-lab --telemetry-mode mounted --airgap-attested
{"ok": true, "run_id": "a44b9db063614d52b81702eda11fecad", "unit_id": "opencanary-rdp", "run_mode": "full", "started_at": "2026-09-28T13:03:04Z"}
+ /Users/mz/Projects/uhbs-standard/.venv/bin/python /Users/mz/Projects/uhbs-standard/scripts/tracker.py log-run-finish --unit-id opencanary-rdp --mode full --out-dir /Users/mz/Projects/uhbs-standard/docs/conformance/latest/results-5.0.1/opencanary/rdp/full --cast-path /Users/mz/Projects/uhbs-standard/docs/conformance/latest/results-5.0.1/opencanary/rdp/full/proof/full-run.cast
{"ok": true, "run_id": "a44b9db063614d52b81702eda11fecad", "unit_id": "opencanary-rdp", "run_mode": "full", "run_status": "succeeded", "artifacts": [{"artifact_id": "7705e04adc35463995db8a27777c1aaa", "type": "readme", "exists": true}, {"artifact_id": "4985feb2c5274d6887bbc0f1ec9fd9f2", "type": "scorecard", "exists": true}, {"artifact_id": "061fc1602d55426780d22a95d739a41b", "type": "report_txt", "exists": true}, {"artifact_id": "242fa80571a84edb9f08740f0d509b40", "type": "report_json", "exists": true}, {"artifact_id": "53f66d0d117a45e7bb3ba58a35afc3c6", "type": "manifest", "exists": true}, {"artifact_id": "01da93086e6b425fbd9d4ff25122cc79", "type": "run_meta", "exists": true}, {"artifact_id": "9934be645e0345d7bc7ba690ef377174", "type": "run_log", "exists": true}, {"artifact_id": "c1972e91f6a14f288e4c105f6faccb65", "type": "cast", "exists": true}]}
+ docker rm -f uhbs-target-opencanary-rdp
uhbs-target-opencanary-rdp
validate_unit: exit 1
FAIL opencanary-rdp
- upstream_commit is not recorded on the unit
- quick: hash mismatch for uhbs-run.log: 2c68e4717a7d39790b253fb0747f8d223aeb844d3ea6dc41ab1d8b06d5811e30 != d6dea40f41299a2c56f49f676e3d2001af442dacd2b8a06123164a17ed8408e5
- full: hash mismatch for proof/full-run.cast: 4467b005711b1fcb6520330dbba9160a4e918f21c412e5561b5019d6c489d1f2 != ea2b3f26ebde3f66524306f93d3808521bf4d14929671a3dd8f01ebaf63a1870
- full: hash mismatch for uhbs-run.log: f6682609569799ebbcd9626d6abe18a29416c1aa9869efa7c53cdc8cc264f4d3 != 472552df6dd0733d8b5679f7bd4b3b99e4da78b7644b8ce1b7bfdfb98fc894df
- full: Module C incomplete (complete=false) — fix telemetry sink wiring / inject before publishing a full grade
- full run_executions.base_image is not recorded
- full run_executions.container_runtime_strategy is not recorded


=== opencanary-rdp summary
  quick: UHQS=22.47 grade=F (Fail)
  full: UHQS=29.22 grade=F (Fail)
exit=0 opencanary-rdp
=== opencanary-ssh (13:03:04Z)
site resolved: opencanary-ssh (alias opencanary-lab, telemetry_dir /telemetry)
+ docker network create uhbs-lab
Error response from daemon: network with name uhbs-lab already exists
+ docker rm -f uhbs-target-opencanary-ssh
+ docker run -d --name uhbs-target-opencanary-ssh --label uhbs.unit=opencanary-ssh --network uhbs-lab --network-alias opencanary-lab -v /Users/mz/Projects/uhbs-standard/.local/labs/opencanary-telemetry:/telemetry:rw -v /Users/mz/Projects/uhbs-standard/docs/conformance/labs/opencanary/opencanary.conf:/opencanary/opencanary.conf:ro opencanary:uhbs-lab
21240ab4ed01135bcc7268f262dbbbf8e1f5bd6be6e67fbbc6b62fa91bd274ab
+ docker run --rm --network uhbs-lab -v /Users/mz/Projects/uhbs-standard:/work -w /work --entrypoint python3 uhbs:5.0.1 scripts/preflight_unit.py --inventory /work/docs/conformance/labs/opencanary/inventory.yaml --site opencanary-ssh --json --timeout 3.0 --tps /work/docs/conformance/labs/opencanary/low_interaction_ssh_full.yaml
preflight attempt 1: ssh:port_closed
+ docker run --rm --network uhbs-lab -v /Users/mz/Projects/uhbs-standard:/work -w /work --entrypoint python3 uhbs:5.0.1 scripts/preflight_unit.py --inventory /work/docs/conformance/labs/opencanary/inventory.yaml --site opencanary-ssh --json --timeout 3.0 --tps /work/docs/conformance/labs/opencanary/low_interaction_ssh_full.yaml
preflight PASS: [{"protocol": "ssh", "host": "opencanary-lab", "port": 2222, "reachable": true, "class": "reachable", "detail": "tcp connect ok"}]
=== grading opencanary-ssh [quick] -> docs/conformance/latest/results-5.0.1/opencanary/ssh/quick
graded ok; log: docs/conformance/latest/results-5.0.1/opencanary/ssh/quick/uhbs-run.log
+ /Users/mz/Projects/uhbs-standard/.venv/bin/python /Users/mz/Projects/uhbs-standard/scripts/tracker.py log-run-start --unit-id opencanary-ssh --mode quick --uhbs-version 5.0.1 --grader-image uhbs:5.0.1 --target-image opencanary:uhbs-lab --telemetry-mode mounted --airgap-attested
{"ok": true, "run_id": "41f320c2d142410f83f6816d0c3dcbd6", "unit_id": "opencanary-ssh", "run_mode": "quick", "started_at": "2026-09-28T13:04:05Z"}
+ /Users/mz/Projects/uhbs-standard/.venv/bin/python /Users/mz/Projects/uhbs-standard/scripts/tracker.py log-run-finish --unit-id opencanary-ssh --mode quick --out-dir /Users/mz/Projects/uhbs-standard/docs/conformance/latest/results-5.0.1/opencanary/ssh/quick
{"ok": true, "run_id": "41f320c2d142410f83f6816d0c3dcbd6", "unit_id": "opencanary-ssh", "run_mode": "quick", "run_status": "succeeded", "artifacts": [{"artifact_id": "c82688ed1c5e4eb992a654e1db54120c", "type": "readme", "exists": true}, {"artifact_id": "c304416d68794531a64ae480d0cbcbb8", "type": "scorecard", "exists": true}, {"artifact_id": "88aeffef24844296a272cee8541c8338", "type": "report_txt", "exists": true}, {"artifact_id": "a00c655a041241f89a766c2325bca362", "type": "report_json", "exists": true}, {"artifact_id": "c7fb19cdc38b4f4b822536418dd9e9c8", "type": "manifest", "exists": true}, {"artifact_id": "8da24577ff5141f0b65fc41a609d90e0", "type": "run_meta", "exists": true}, {"artifact_id": "464807c566d74be38cfd8ec1993a03a3", "type": "run_log", "exists": true}]}
=== grading opencanary-ssh [full] -> docs/conformance/latest/results-5.0.1/opencanary/ssh/full
graded ok; log: docs/conformance/latest/results-5.0.1/opencanary/ssh/full/uhbs-run.log
+ /Users/mz/Projects/uhbs-standard/.venv/bin/python /Users/mz/Projects/uhbs-standard/scripts/tracker.py log-run-start --unit-id opencanary-ssh --mode full --uhbs-version 5.0.1 --grader-image uhbs:5.0.1-full --target-image opencanary:uhbs-lab --telemetry-mode mounted --airgap-attested
{"ok": true, "run_id": "361253dfd96a4953a011ca3c0764d214", "unit_id": "opencanary-ssh", "run_mode": "full", "started_at": "2026-09-28T13:05:09Z"}
+ /Users/mz/Projects/uhbs-standard/.venv/bin/python /Users/mz/Projects/uhbs-standard/scripts/tracker.py log-run-finish --unit-id opencanary-ssh --mode full --out-dir /Users/mz/Projects/uhbs-standard/docs/conformance/latest/results-5.0.1/opencanary/ssh/full --cast-path /Users/mz/Projects/uhbs-standard/docs/conformance/latest/results-5.0.1/opencanary/ssh/full/proof/full-run.cast
{"ok": true, "run_id": "361253dfd96a4953a011ca3c0764d214", "unit_id": "opencanary-ssh", "run_mode": "full", "run_status": "succeeded", "artifacts": [{"artifact_id": "57af2a155138410eab5fc8de35562f66", "type": "readme", "exists": true}, {"artifact_id": "fb0adeb79f0346f297c2586208b65075", "type": "scorecard", "exists": true}, {"artifact_id": "16181d0eb96640e981b6651372fb20a8", "type": "report_txt", "exists": true}, {"artifact_id": "b08ddc91b06140cba2ee9e501ea3e1f8", "type": "report_json", "exists": true}, {"artifact_id": "88f3ef7088de40e980063ab9c11a19a8", "type": "manifest", "exists": true}, {"artifact_id": "df30e082ed5e407bbd2b06029763a647", "type": "run_meta", "exists": true}, {"artifact_id": "f8c63c21809b429e907bbd1614217e7a", "type": "run_log", "exists": true}, {"artifact_id": "1a9c10d57ef9441baf142cd5efb1d6f2", "type": "cast", "exists": true}]}
+ docker rm -f uhbs-target-opencanary-ssh
uhbs-target-opencanary-ssh
validate_unit: exit 1
FAIL opencanary-ssh
- upstream_commit is not recorded on the unit
- quick: hash mismatch for uhbs-run.log: 8f6bacb03741093af7a667aad596ac67419d90cd30eef833137b6f6d3b9f62ac != cca720e301667fec4c7bfe6cde6790473e178039eeb0994062ac18bfb3a5c486
- full: hash mismatch for proof/full-run.cast: 0e0e19b8424d422461a15e038b0ef7ded7700f2af15a65a29835a36752911a4e != 36391dc552769d4b61005681c531de0cb3b6a9ec6714c1c2fe4db9ba07d85036
- full: hash mismatch for uhbs-run.log: de0c588efb3d19a2a4f0bb7d909cfee2048eeb4f4de3930885b4ddd83a395ea6 != 3d4d4801d1c51676d21c8b4e4d1629e904d087ffd57084305d594bb6ad42284a
- full run_executions.base_image is not recorded
- full run_executions.container_runtime_strategy is not recorded


=== opencanary-ssh summary
  quick: UHQS=6.11 grade=F (Fail)
  full: UHQS=10.82 grade=F (Fail)
exit=0 opencanary-ssh
=== opencanary-telnet (13:05:09Z)
site resolved: opencanary-telnet (alias opencanary-lab, telemetry_dir /telemetry)
+ docker network create uhbs-lab
Error response from daemon: network with name uhbs-lab already exists
+ docker rm -f uhbs-target-opencanary-telnet
+ docker run -d --name uhbs-target-opencanary-telnet --label uhbs.unit=opencanary-telnet --network uhbs-lab --network-alias opencanary-lab -v /Users/mz/Projects/uhbs-standard/.local/labs/opencanary-telemetry:/telemetry:rw -v /Users/mz/Projects/uhbs-standard/docs/conformance/labs/opencanary/opencanary.conf:/opencanary/opencanary.conf:ro opencanary:uhbs-lab
990a295db1c1b081e76639fe68303c752bf7b6ada185b04624b04b2d0b849c9b
+ docker run --rm --network uhbs-lab -v /Users/mz/Projects/uhbs-standard:/work -w /work --entrypoint python3 uhbs:5.0.1 scripts/preflight_unit.py --inventory /work/docs/conformance/labs/opencanary/inventory.yaml --site opencanary-telnet --json --timeout 3.0 --tps /work/docs/conformance/labs/opencanary/low_interaction_telnet_full.yaml
preflight attempt 1: telnet:port_closed
+ docker run --rm --network uhbs-lab -v /Users/mz/Projects/uhbs-standard:/work -w /work --entrypoint python3 uhbs:5.0.1 scripts/preflight_unit.py --inventory /work/docs/conformance/labs/opencanary/inventory.yaml --site opencanary-telnet --json --timeout 3.0 --tps /work/docs/conformance/labs/opencanary/low_interaction_telnet_full.yaml
preflight PASS: [{"protocol": "telnet", "host": "opencanary-lab", "port": 23, "reachable": true, "class": "reachable", "detail": "tcp connect ok"}]
=== grading opencanary-telnet [quick] -> docs/conformance/latest/results-5.0.1/opencanary/telnet/quick
graded ok; log: docs/conformance/latest/results-5.0.1/opencanary/telnet/quick/uhbs-run.log
+ /Users/mz/Projects/uhbs-standard/.venv/bin/python /Users/mz/Projects/uhbs-standard/scripts/tracker.py log-run-start --unit-id opencanary-telnet --mode quick --uhbs-version 5.0.1 --grader-image uhbs:5.0.1 --target-image opencanary:uhbs-lab --telemetry-mode mounted --airgap-attested
{"ok": true, "run_id": "f46e52e7aff04f4689ab2ac70311ef65", "unit_id": "opencanary-telnet", "run_mode": "quick", "started_at": "2026-09-28T13:05:26Z"}
+ /Users/mz/Projects/uhbs-standard/.venv/bin/python /Users/mz/Projects/uhbs-standard/scripts/tracker.py log-run-finish --unit-id opencanary-telnet --mode quick --out-dir /Users/mz/Projects/uhbs-standard/docs/conformance/latest/results-5.0.1/opencanary/telnet/quick
{"ok": true, "run_id": "f46e52e7aff04f4689ab2ac70311ef65", "unit_id": "opencanary-telnet", "run_mode": "quick", "run_status": "succeeded", "artifacts": [{"artifact_id": "acc27668a0c8428f84ba326b837281e9", "type": "readme", "exists": true}, {"artifact_id": "02ea7a4610ce40fd9dc77bf465929e66", "type": "scorecard", "exists": true}, {"artifact_id": "413482fbc1cc446fb60c122d7457055a", "type": "report_txt", "exists": true}, {"artifact_id": "dba544334fcb45bea40a57ee97d6e03f", "type": "report_json", "exists": true}, {"artifact_id": "0bcaab8a6a844193ab3283f0ee4c926a", "type": "manifest", "exists": true}, {"artifact_id": "3586a19c9aa547548a55db2d31bef97a", "type": "run_meta", "exists": true}, {"artifact_id": "bb0001aa1cee4e3bb93cafb9e37a2f4e", "type": "run_log", "exists": true}]}
=== grading opencanary-telnet [full] -> docs/conformance/latest/results-5.0.1/opencanary/telnet/full
graded ok; log: docs/conformance/latest/results-5.0.1/opencanary/telnet/full/uhbs-run.log
+ /Users/mz/Projects/uhbs-standard/.venv/bin/python /Users/mz/Projects/uhbs-standard/scripts/tracker.py log-run-start --unit-id opencanary-telnet --mode full --uhbs-version 5.0.1 --grader-image uhbs:5.0.1-full --target-image opencanary:uhbs-lab --telemetry-mode mounted --airgap-attested
{"ok": true, "run_id": "f8006da531994b3bad3f18ed80f1419b", "unit_id": "opencanary-telnet", "run_mode": "full", "started_at": "2026-09-28T13:05:48Z"}
+ /Users/mz/Projects/uhbs-standard/.venv/bin/python /Users/mz/Projects/uhbs-standard/scripts/tracker.py log-run-finish --unit-id opencanary-telnet --mode full --out-dir /Users/mz/Projects/uhbs-standard/docs/conformance/latest/results-5.0.1/opencanary/telnet/full --cast-path /Users/mz/Projects/uhbs-standard/docs/conformance/latest/results-5.0.1/opencanary/telnet/full/proof/full-run.cast
{"ok": true, "run_id": "f8006da531994b3bad3f18ed80f1419b", "unit_id": "opencanary-telnet", "run_mode": "full", "run_status": "succeeded", "artifacts": [{"artifact_id": "24590ca0ee8246cf942d6af40b7e2b44", "type": "readme", "exists": true}, {"artifact_id": "2acb2147d24a476dbbd595307517b557", "type": "scorecard", "exists": true}, {"artifact_id": "9f8f609cf5444fd29e376633ddffeb1f", "type": "report_txt", "exists": true}, {"artifact_id": "9ca17526d8b4442793943163d57519f6", "type": "report_json", "exists": true}, {"artifact_id": "0373adae63004c059733ca856d203d57", "type": "manifest", "exists": true}, {"artifact_id": "3705c9b0aef5448a93d40a1cd3a9fdd7", "type": "run_meta", "exists": true}, {"artifact_id": "e4962b736ccb4061b7b30b99210ddf61", "type": "run_log", "exists": true}, {"artifact_id": "082d6aa7d9ec4407a5a265382c6cef44", "type": "cast", "exists": true}]}
+ docker rm -f uhbs-target-opencanary-telnet
uhbs-target-opencanary-telnet
validate_unit: exit 1
FAIL opencanary-telnet
- upstream_commit is not recorded on the unit
- quick: hash mismatch for uhbs-run.log: 4042744e479e6065976f88f2c8d9e9e1579313694acc8b535635b34f4b5efa85 != 3bbb821be66a5e8ebb38676249d2939720443812589fea0e9f5d5b6616d94650
- full: hash mismatch for proof/full-run.cast: 9c56a7fcc517f9b869c4e5450e0e731815815456526c2ab3eac2c4e51b3fe349 != 9aa5539ae2f8d502ca57368c90d138c88d3913349fbc74120c480209e9cf9483
- full: hash mismatch for uhbs-run.log: 9dd66c52c2ebce5a6881a26d04755f924c407cf0951886f66348e88f274ae9b4 != d580f9238ba6458af449ae358aca74c8d9bdfde16ecf763a7f0b96f1af0553b8
- full: Module C incomplete (complete=false) — fix telemetry sink wiring / inject before publishing a full grade
- full run_executions.base_image is not recorded
- full run_executions.container_runtime_strategy is not recorded


=== opencanary-telnet summary
  quick: UHQS=24.49 grade=F (Fail)
  full: UHQS=31.24 grade=F (Fail)
exit=0 opencanary-telnet
=== opencanary-vnc (13:05:48Z)
site resolved: opencanary-vnc (alias opencanary-lab, telemetry_dir /telemetry)
+ docker network create uhbs-lab
Error response from daemon: network with name uhbs-lab already exists
+ docker rm -f uhbs-target-opencanary-vnc
+ docker run -d --name uhbs-target-opencanary-vnc --label uhbs.unit=opencanary-vnc --network uhbs-lab --network-alias opencanary-lab -v /Users/mz/Projects/uhbs-standard/.local/labs/opencanary-telemetry:/telemetry:rw -v /Users/mz/Projects/uhbs-standard/docs/conformance/labs/opencanary/opencanary.conf:/opencanary/opencanary.conf:ro opencanary:uhbs-lab
df97710713c1018895231227c4fea644f4d55d2fdfeaec7e689133ac32b0fd13
+ docker run --rm --network uhbs-lab -v /Users/mz/Projects/uhbs-standard:/work -w /work --entrypoint python3 uhbs:5.0.1 scripts/preflight_unit.py --inventory /work/docs/conformance/labs/opencanary/inventory.yaml --site opencanary-vnc --json --timeout 3.0 --tps /work/docs/conformance/labs/opencanary/low_interaction_vnc_full.yaml
preflight attempt 1: vnc:port_closed
+ docker run --rm --network uhbs-lab -v /Users/mz/Projects/uhbs-standard:/work -w /work --entrypoint python3 uhbs:5.0.1 scripts/preflight_unit.py --inventory /work/docs/conformance/labs/opencanary/inventory.yaml --site opencanary-vnc --json --timeout 3.0 --tps /work/docs/conformance/labs/opencanary/low_interaction_vnc_full.yaml
preflight PASS: [{"protocol": "vnc", "host": "opencanary-lab", "port": 5900, "reachable": true, "class": "reachable", "detail": "tcp connect ok"}]
=== grading opencanary-vnc [quick] -> docs/conformance/latest/results-5.0.1/opencanary/vnc/quick
graded ok; log: docs/conformance/latest/results-5.0.1/opencanary/vnc/quick/uhbs-run.log
+ /Users/mz/Projects/uhbs-standard/.venv/bin/python /Users/mz/Projects/uhbs-standard/scripts/tracker.py log-run-start --unit-id opencanary-vnc --mode quick --uhbs-version 5.0.1 --grader-image uhbs:5.0.1 --target-image opencanary:uhbs-lab --telemetry-mode mounted --airgap-attested
{"ok": true, "run_id": "16587d3b936c4d1a969d93da474aadf5", "unit_id": "opencanary-vnc", "run_mode": "quick", "started_at": "2026-09-28T13:06:00Z"}
+ /Users/mz/Projects/uhbs-standard/.venv/bin/python /Users/mz/Projects/uhbs-standard/scripts/tracker.py log-run-finish --unit-id opencanary-vnc --mode quick --out-dir /Users/mz/Projects/uhbs-standard/docs/conformance/latest/results-5.0.1/opencanary/vnc/quick
{"ok": true, "run_id": "16587d3b936c4d1a969d93da474aadf5", "unit_id": "opencanary-vnc", "run_mode": "quick", "run_status": "succeeded", "artifacts": [{"artifact_id": "9b050151b14642eca9a7e954c7a564d8", "type": "readme", "exists": true}, {"artifact_id": "42c5f12c447042129bdd27da20ef55b6", "type": "scorecard", "exists": true}, {"artifact_id": "9f7ec72998bd47d88b8264916c1d3456", "type": "report_txt", "exists": true}, {"artifact_id": "3ae050821909403d8b5f0054f740b5a2", "type": "report_json", "exists": true}, {"artifact_id": "e633b5e835e043589783477c561fce7c", "type": "manifest", "exists": true}, {"artifact_id": "2b8d473e1b9146dcb35d944946a91624", "type": "run_meta", "exists": true}, {"artifact_id": "3e5e4e6941d7426bbd53a0660bca7594", "type": "run_log", "exists": true}]}
=== grading opencanary-vnc [full] -> docs/conformance/latest/results-5.0.1/opencanary/vnc/full
graded ok; log: docs/conformance/latest/results-5.0.1/opencanary/vnc/full/uhbs-run.log
+ /Users/mz/Projects/uhbs-standard/.venv/bin/python /Users/mz/Projects/uhbs-standard/scripts/tracker.py log-run-start --unit-id opencanary-vnc --mode full --uhbs-version 5.0.1 --grader-image uhbs:5.0.1-full --target-image opencanary:uhbs-lab --telemetry-mode mounted --airgap-attested
{"ok": true, "run_id": "56ed5442e6cf42748989fc04a66b5ae2", "unit_id": "opencanary-vnc", "run_mode": "full", "started_at": "2026-09-28T13:06:13Z"}
+ /Users/mz/Projects/uhbs-standard/.venv/bin/python /Users/mz/Projects/uhbs-standard/scripts/tracker.py log-run-finish --unit-id opencanary-vnc --mode full --out-dir /Users/mz/Projects/uhbs-standard/docs/conformance/latest/results-5.0.1/opencanary/vnc/full --cast-path /Users/mz/Projects/uhbs-standard/docs/conformance/latest/results-5.0.1/opencanary/vnc/full/proof/full-run.cast
{"ok": true, "run_id": "56ed5442e6cf42748989fc04a66b5ae2", "unit_id": "opencanary-vnc", "run_mode": "full", "run_status": "succeeded", "artifacts": [{"artifact_id": "75cf99d8a0c148929a608728879fadeb", "type": "readme", "exists": true}, {"artifact_id": "98af046213ea48c883a10b41167eccc2", "type": "scorecard", "exists": true}, {"artifact_id": "bee439df0b0443658a590e1ecac9f8ec", "type": "report_txt", "exists": true}, {"artifact_id": "3f937bab0b704dc6a378d1bcc390b293", "type": "report_json", "exists": true}, {"artifact_id": "3330183ac9c54f8cb52e8833d63d67ae", "type": "manifest", "exists": true}, {"artifact_id": "b16de7a1c014483287afa3fcdc1aa220", "type": "run_meta", "exists": true}, {"artifact_id": "8055e58b5aa04dd8a8017d8049030ece", "type": "run_log", "exists": true}, {"artifact_id": "c80370bdadf7448c89529b63d57dc5cb", "type": "cast", "exists": true}]}
+ docker rm -f uhbs-target-opencanary-vnc
uhbs-target-opencanary-vnc
validate_unit: exit 1
FAIL opencanary-vnc
- upstream_commit is not recorded on the unit
- quick: hash mismatch for uhbs-run.log: 3b36152ffa4c6870b70744683ed10cf19c71c4b29907742fd8ce68ed0818c3a7 != 45f88c4c07c4a91acfde4377231deac3d6b2771a11af69f61dd3aca1f07f4857
- full: hash mismatch for proof/full-run.cast: 378e1abf89746cc47857228bcb4e09b0d69907c3be1b9642f6a58b6b11dc5190 != ea080d023966a14405052636f8d2dec709372a5cc6396a441d6b2750d06599e5
- full: hash mismatch for uhbs-run.log: 16be9dbed4c607d6d297e60a44e2d487a8deb7746024c0b98e450510f087010f != 65bdccfe7f1f0e8901cab3155cfd9b6db7df551f20121fdf2d129ff14f16bf1e
- full: Module C incomplete (complete=false) — fix telemetry sink wiring / inject before publishing a full grade
- full run_executions.base_image is not recorded
- full run_executions.container_runtime_strategy is not recorded


=== opencanary-vnc summary
  quick: UHQS=23.07 grade=F (Fail)
  full: UHQS=29.82 grade=F (Fail)
exit=0 opencanary-vnc
=== owa-honeypot-http (13:06:14Z)
site resolved: owa-honeypot-http (alias owa-honeypot-lab, telemetry_dir /telemetry)
+ docker network create uhbs-lab
Error response from daemon: network with name uhbs-lab already exists
+ docker rm -f uhbs-target-owa-honeypot-http
+ docker run -d --name uhbs-target-owa-honeypot-http --label uhbs.unit=owa-honeypot-http --network uhbs-lab --network-alias owa-honeypot-lab -v /Users/mz/Projects/uhbs-standard/.local/labs/owa-honeypot-telemetry:/telemetry:rw owa-honeypot:uhbs-lab
35332474d3bd71f21552e68947fca8b502a02dcb90c7346da859e2d62a6d52f6
+ docker run --rm --network uhbs-lab -v /Users/mz/Projects/uhbs-standard:/work -w /work --entrypoint python3 uhbs:5.0.1 scripts/preflight_unit.py --inventory /work/docs/conformance/labs/owa-honeypot/inventory.yaml --site owa-honeypot-http --json --timeout 3.0 --tps /work/docs/conformance/labs/owa-honeypot/web_api_http_full.yaml
preflight PASS: [{"protocol": "http", "host": "owa-honeypot-lab", "port": 8080, "reachable": true, "class": "reachable", "detail": "tcp connect ok"}]
=== grading owa-honeypot-http [quick] -> docs/conformance/latest/results-5.0.1/owa-honeypot/http/quick
graded ok; log: docs/conformance/latest/results-5.0.1/owa-honeypot/http/quick/uhbs-run.log
+ /Users/mz/Projects/uhbs-standard/.venv/bin/python /Users/mz/Projects/uhbs-standard/scripts/tracker.py log-run-start --unit-id owa-honeypot-http --mode quick --uhbs-version 5.0.1 --grader-image uhbs:5.0.1 --target-image owa-honeypot:uhbs-lab --telemetry-mode mounted --airgap-attested
{"ok": true, "run_id": "c8d663f5954c4c429568c893e5db1fbd", "unit_id": "owa-honeypot-http", "run_mode": "quick", "started_at": "2026-09-28T13:06:15Z"}
+ /Users/mz/Projects/uhbs-standard/.venv/bin/python /Users/mz/Projects/uhbs-standard/scripts/tracker.py log-run-finish --unit-id owa-honeypot-http --mode quick --out-dir /Users/mz/Projects/uhbs-standard/docs/conformance/latest/results-5.0.1/owa-honeypot/http/quick
{"ok": true, "run_id": "c8d663f5954c4c429568c893e5db1fbd", "unit_id": "owa-honeypot-http", "run_mode": "quick", "run_status": "succeeded", "artifacts": [{"artifact_id": "272aee6eeda14901bba8cc2c4d4ee3e2", "type": "readme", "exists": true}, {"artifact_id": "5311d4c6c74b44348ba275526e9da181", "type": "scorecard", "exists": true}, {"artifact_id": "b57fa5ff527843a09caba8365f8f8021", "type": "report_txt", "exists": true}, {"artifact_id": "f8cb64e6b37a4cb7ac262fbfc6ebd4af", "type": "report_json", "exists": true}, {"artifact_id": "1a12866c4f6b47ba94d91b6d405276c0", "type": "manifest", "exists": true}, {"artifact_id": "b724cc3ea8f146ba87001b34c652d2d2", "type": "run_meta", "exists": true}, {"artifact_id": "d3de122a60fc469497c592e21968d7e2", "type": "run_log", "exists": true}]}
=== grading owa-honeypot-http [full] -> docs/conformance/latest/results-5.0.1/owa-honeypot/http/full
graded ok; log: docs/conformance/latest/results-5.0.1/owa-honeypot/http/full/uhbs-run.log
+ /Users/mz/Projects/uhbs-standard/.venv/bin/python /Users/mz/Projects/uhbs-standard/scripts/tracker.py log-run-start --unit-id owa-honeypot-http --mode full --uhbs-version 5.0.1 --grader-image uhbs:5.0.1-full --target-image owa-honeypot:uhbs-lab --telemetry-mode mounted --airgap-attested
{"ok": true, "run_id": "16a1011832e146ebbb56e32195baaafd", "unit_id": "owa-honeypot-http", "run_mode": "full", "started_at": "2026-09-28T13:06:22Z"}
+ /Users/mz/Projects/uhbs-standard/.venv/bin/python /Users/mz/Projects/uhbs-standard/scripts/tracker.py log-run-finish --unit-id owa-honeypot-http --mode full --out-dir /Users/mz/Projects/uhbs-standard/docs/conformance/latest/results-5.0.1/owa-honeypot/http/full --cast-path /Users/mz/Projects/uhbs-standard/docs/conformance/latest/results-5.0.1/owa-honeypot/http/full/proof/full-run.cast
{"ok": true, "run_id": "16a1011832e146ebbb56e32195baaafd", "unit_id": "owa-honeypot-http", "run_mode": "full", "run_status": "succeeded", "artifacts": [{"artifact_id": "fc72c66944974c9f9cb99680ca5bcfa5", "type": "readme", "exists": true}, {"artifact_id": "53515667f13c4fca841db2f3a600910d", "type": "scorecard", "exists": true}, {"artifact_id": "81e5762c247a4b4cbb2bf3ad88c00959", "type": "report_txt", "exists": true}, {"artifact_id": "bfb187987153495087f6df1f50747770", "type": "report_json", "exists": true}, {"artifact_id": "c2b38211b7d843b9a770452b3ab54a8d", "type": "manifest", "exists": true}, {"artifact_id": "163252713ae14f4db176ab96de11b2d9", "type": "run_meta", "exists": true}, {"artifact_id": "bbfd9b42526548abb5ced0e9030d991e", "type": "run_log", "exists": true}, {"artifact_id": "efa0d05dd15144fa9083a152a2a4b776", "type": "cast", "exists": true}]}
+ docker rm -f uhbs-target-owa-honeypot-http
uhbs-target-owa-honeypot-http
validate_unit: exit 1
FAIL owa-honeypot-http
- upstream_commit is not recorded on the unit
- quick: hash mismatch for uhbs-run.log: 65a413072e1b74f62b1cf4cb7b0135143fa5e0b8ee2dafbed69e0594b19c7530 != b218af70ff1f0c7ca096904adc99b0fb236006427671d12f08305d37d4f05345
- full: hash mismatch for proof/full-run.cast: bfd6674efb41ec3fa333747f290ce8bb52244a90f183723085baec517c016f75 != 21d894070cbba403e5ec20bbf3c2299919c387c2829e60a959e5418773c35faa
- full: hash mismatch for uhbs-run.log: 337f8d63a0ff8b34a9b1bea24a6b33b60d6cb1e84eef6ca273aa4a875559e97f != b97064060c6ae34d4c5efb6aa221458d330f1cda08f16f3d0f231450efe7e600
- full: Module C empty/missing telemetry sink ('0 malformed / 0 records')
- full run_executions.base_image is not recorded
- full run_executions.container_runtime_strategy is not recorded


=== owa-honeypot-http summary
  quick: UHQS=21.56 grade=F (Fail)
  full: UHQS=28.49 grade=F (Fail)
exit=0 owa-honeypot-http
=== pyrdp-rdp (13:06:22Z)
site resolved: pyrdp-rdp (alias pyrdp-lab, telemetry_dir /home/pyrdp/pyrdp_output)
+ docker network create uhbs-lab
Error response from daemon: network with name uhbs-lab already exists
+ docker rm -f uhbs-target-pyrdp-rdp
+ docker run -d --name uhbs-target-pyrdp-rdp --label uhbs.unit=pyrdp-rdp --network uhbs-lab --network-alias pyrdp-lab -v /Users/mz/Projects/uhbs-standard/.local/labs/pyrdp-telemetry:/telemetry:rw -v /Users/mz/Projects/uhbs-standard/.local/labs/pyrdp-telemetry:/home/pyrdp/pyrdp_output:rw pyrdp:uhbs-lab pyrdp-mitm 127.0.0.1:3390 -l 3389 -o /telemetry
3c4d211921c4275c26065ca5df8f519044a278808d190f62e7d3af15933be7cc
+ docker run --rm --network uhbs-lab -v /Users/mz/Projects/uhbs-standard:/work -w /work --entrypoint python3 uhbs:5.0.1 scripts/preflight_unit.py --inventory /work/docs/conformance/labs/pyrdp/inventory.yaml --site pyrdp-rdp --json --timeout 3.0 --tps /work/docs/conformance/labs/pyrdp/low_interaction_rdp_full.yaml
preflight attempt 1: rdp:port_closed
+ docker run --rm --network uhbs-lab -v /Users/mz/Projects/uhbs-standard:/work -w /work --entrypoint python3 uhbs:5.0.1 scripts/preflight_unit.py --inventory /work/docs/conformance/labs/pyrdp/inventory.yaml --site pyrdp-rdp --json --timeout 3.0 --tps /work/docs/conformance/labs/pyrdp/low_interaction_rdp_full.yaml
preflight PASS: [{"protocol": "rdp", "host": "pyrdp-lab", "port": 3389, "reachable": true, "class": "reachable", "detail": "tcp connect ok"}]
=== grading pyrdp-rdp [quick] -> docs/conformance/latest/results-5.0.1/pyrdp/rdp/quick
graded ok; log: docs/conformance/latest/results-5.0.1/pyrdp/rdp/quick/uhbs-run.log
+ /Users/mz/Projects/uhbs-standard/.venv/bin/python /Users/mz/Projects/uhbs-standard/scripts/tracker.py log-run-start --unit-id pyrdp-rdp --mode quick --uhbs-version 5.0.1 --grader-image uhbs:5.0.1 --target-image pyrdp:uhbs-lab --telemetry-mode mounted --airgap-attested
{"ok": true, "run_id": "75d085adf5494cf49bf560ef09d51559", "unit_id": "pyrdp-rdp", "run_mode": "quick", "started_at": "2026-09-28T13:06:45Z"}
+ /Users/mz/Projects/uhbs-standard/.venv/bin/python /Users/mz/Projects/uhbs-standard/scripts/tracker.py log-run-finish --unit-id pyrdp-rdp --mode quick --out-dir /Users/mz/Projects/uhbs-standard/docs/conformance/latest/results-5.0.1/pyrdp/rdp/quick
{"ok": true, "run_id": "75d085adf5494cf49bf560ef09d51559", "unit_id": "pyrdp-rdp", "run_mode": "quick", "run_status": "succeeded", "artifacts": [{"artifact_id": "a90595d9a81b4d8faedfea398e829b8c", "type": "readme", "exists": true}, {"artifact_id": "ad5a239a955e48319a4cd7a49bb79da3", "type": "scorecard", "exists": true}, {"artifact_id": "1625c1ec17084da1aad57c0313fa4c1b", "type": "report_txt", "exists": true}, {"artifact_id": "6bc50ae65b4d4e8894b032387c9c2155", "type": "report_json", "exists": true}, {"artifact_id": "1f83b23c2e454b40a3987a96179245be", "type": "manifest", "exists": true}, {"artifact_id": "5374aeaf669640ac8c6b8d9d956a1bfc", "type": "run_meta", "exists": true}, {"artifact_id": "37351d7a190d4e6285286fdd2e4f2951", "type": "run_log", "exists": true}]}
=== grading pyrdp-rdp [full] -> docs/conformance/latest/results-5.0.1/pyrdp/rdp/full
graded ok; log: docs/conformance/latest/results-5.0.1/pyrdp/rdp/full/uhbs-run.log
+ /Users/mz/Projects/uhbs-standard/.venv/bin/python /Users/mz/Projects/uhbs-standard/scripts/tracker.py log-run-start --unit-id pyrdp-rdp --mode full --uhbs-version 5.0.1 --grader-image uhbs:5.0.1-full --target-image pyrdp:uhbs-lab --telemetry-mode mounted --airgap-attested
{"ok": true, "run_id": "49ab0dd338434aa1b485de60cebb2869", "unit_id": "pyrdp-rdp", "run_mode": "full", "started_at": "2026-09-28T13:12:14Z"}
+ /Users/mz/Projects/uhbs-standard/.venv/bin/python /Users/mz/Projects/uhbs-standard/scripts/tracker.py log-run-finish --unit-id pyrdp-rdp --mode full --out-dir /Users/mz/Projects/uhbs-standard/docs/conformance/latest/results-5.0.1/pyrdp/rdp/full --cast-path /Users/mz/Projects/uhbs-standard/docs/conformance/latest/results-5.0.1/pyrdp/rdp/full/proof/full-run.cast
{"ok": true, "run_id": "49ab0dd338434aa1b485de60cebb2869", "unit_id": "pyrdp-rdp", "run_mode": "full", "run_status": "succeeded", "artifacts": [{"artifact_id": "c3fe9bea26654edd8bf4cfbda1175ba6", "type": "readme", "exists": true}, {"artifact_id": "ac75f950e53a45e0b6bf527d88acb48e", "type": "scorecard", "exists": true}, {"artifact_id": "676564a7f15646f8b9858a77a6f34937", "type": "report_txt", "exists": true}, {"artifact_id": "55788b3bf4cb49dfbca3e79f9607c5c0", "type": "report_json", "exists": true}, {"artifact_id": "bee248dfb85041d98eeaf9c960917d65", "type": "manifest", "exists": true}, {"artifact_id": "51bd940db3d643fcb40fe2bed8fbbb8a", "type": "run_meta", "exists": true}, {"artifact_id": "47da96e8c45844a99c51675007651f8f", "type": "run_log", "exists": true}, {"artifact_id": "a8df20b9306f42088847c56855cfabc4", "type": "cast", "exists": true}]}
+ docker rm -f uhbs-target-pyrdp-rdp
uhbs-target-pyrdp-rdp
validate_unit: exit 1
FAIL pyrdp-rdp
- upstream_commit is not recorded on the unit
- quick: hash mismatch for uhbs-run.log: 327c8288e97a244f8a8249d0119065ef36d51a6b9536efaf3a49f59bbc4befb9 != 2529438a6fc5d577709bf1c6b0971165bbccdf585d05ec3f7c8f956dc843aa0d
- full: hash mismatch for proof/full-run.cast: 878a62476227712dc31252f1e84eecb6e7857483190749532a661bc91d7f38ea != 479e0d306f382cb5bf39c7a24c09517cf61da015bb44b1dbc95c6bb3550599bf
- full: hash mismatch for uhbs-run.log: ae67235691d2f5932d2cb4c980faaefbc8d8a58762dcb3b15117659ef1634807 != 704547dc0870a1219fb054034bdd4f9a073fec1f282e328294ea2918442bb517
- full: Module C incomplete (complete=false) — fix telemetry sink wiring / inject before publishing a full grade
- full run_executions.base_image is not recorded
- full run_executions.container_runtime_strategy is not recorded


=== pyrdp-rdp summary
  quick: UHQS=29.95 grade=F (Fail)
  full: UHQS=19.88 grade=F (Fail)
exit=0 pyrdp-rdp
=== qeeqbox-honeypots-dns (13:12:15Z)
site resolved: qeeqbox-honeypots-dns (alias qeeqbox-lab, telemetry_dir /telemetry)
+ docker network create uhbs-lab
Error response from daemon: network with name uhbs-lab already exists
+ docker rm -f uhbs-target-qeeqbox-honeypots-dns
+ docker run -d --name uhbs-target-qeeqbox-honeypots-dns --label uhbs.unit=qeeqbox-honeypots-dns --network uhbs-lab --network-alias qeeqbox-lab -v /Users/mz/Projects/uhbs-standard/.local/labs/qeeqbox-honeypots-telemetry:/telemetry:rw qeeqbox-honeypots:uhbs-lab python3 -m honeypots --termination-strategy signal --setup dns:53
f7170acfbe201166a296bb592dd6368e122880f3856f2031c5ab99fe66219aa3
+ docker run --rm --network uhbs-lab -v /Users/mz/Projects/uhbs-standard:/work -w /work --entrypoint python3 uhbs:5.0.1 scripts/preflight_unit.py --inventory /work/docs/conformance/labs/qeeqbox-honeypots/inventory.yaml --site qeeqbox-honeypots-dns --json --timeout 3.0 --tps /work/docs/conformance/labs/qeeqbox-honeypots/low_interaction_dns_full.yaml
preflight attempt 1: dns:udp_no_reply
+ docker run --rm --network uhbs-lab -v /Users/mz/Projects/uhbs-standard:/work -w /work --entrypoint python3 uhbs:5.0.1 scripts/preflight_unit.py --inventory /work/docs/conformance/labs/qeeqbox-honeypots/inventory.yaml --site qeeqbox-honeypots-dns --json --timeout 3.0 --tps /work/docs/conformance/labs/qeeqbox-honeypots/low_interaction_dns_full.yaml
preflight PASS: [{"protocol": "dns", "host": "qeeqbox-lab", "port": 53, "reachable": true, "class": "reachable", "detail": "udp reply 61B in 0.06s"}]
=== grading qeeqbox-honeypots-dns [quick] -> docs/conformance/latest/results-5.0.1/qeeqbox-honeypots/dns/quick
graded ok; log: docs/conformance/latest/results-5.0.1/qeeqbox-honeypots/dns/quick/uhbs-run.log
+ /Users/mz/Projects/uhbs-standard/.venv/bin/python /Users/mz/Projects/uhbs-standard/scripts/tracker.py log-run-start --unit-id qeeqbox-honeypots-dns --mode quick --uhbs-version 5.0.1 --grader-image uhbs:5.0.1 --target-image qeeqbox-honeypots:uhbs-lab --telemetry-mode mounted --airgap-attested
{"ok": true, "run_id": "76e34660625541e69aeb0ccc450874b3", "unit_id": "qeeqbox-honeypots-dns", "run_mode": "quick", "started_at": "2026-09-28T13:12:46Z"}
+ /Users/mz/Projects/uhbs-standard/.venv/bin/python /Users/mz/Projects/uhbs-standard/scripts/tracker.py log-run-finish --unit-id qeeqbox-honeypots-dns --mode quick --out-dir /Users/mz/Projects/uhbs-standard/docs/conformance/latest/results-5.0.1/qeeqbox-honeypots/dns/quick
{"ok": true, "run_id": "76e34660625541e69aeb0ccc450874b3", "unit_id": "qeeqbox-honeypots-dns", "run_mode": "quick", "run_status": "succeeded", "artifacts": [{"artifact_id": "3dccda5b43934f0e86b06264a886620e", "type": "readme", "exists": true}, {"artifact_id": "cc06955a7b244b18b69da1af523b8cfa", "type": "scorecard", "exists": true}, {"artifact_id": "31682afd742e46a0b3f87c22d024a8e9", "type": "report_txt", "exists": true}, {"artifact_id": "82d95f94a706408bad227195a6bd0125", "type": "report_json", "exists": true}, {"artifact_id": "324c087f88fe4899a37a88a7b3bd1c96", "type": "manifest", "exists": true}, {"artifact_id": "9d4eee56a4bb4659890b148d5e145921", "type": "run_meta", "exists": true}, {"artifact_id": "f09543b0134740b8882ae88999ed4cb2", "type": "run_log", "exists": true}]}
=== grading qeeqbox-honeypots-dns [full] -> docs/conformance/latest/results-5.0.1/qeeqbox-honeypots/dns/full
graded ok; log: docs/conformance/latest/results-5.0.1/qeeqbox-honeypots/dns/full/uhbs-run.log
+ /Users/mz/Projects/uhbs-standard/.venv/bin/python /Users/mz/Projects/uhbs-standard/scripts/tracker.py log-run-start --unit-id qeeqbox-honeypots-dns --mode full --uhbs-version 5.0.1 --grader-image uhbs:5.0.1-full --target-image qeeqbox-honeypots:uhbs-lab --telemetry-mode mounted --airgap-attested
{"ok": true, "run_id": "07f32da4587f40fdbadaa1bad110bdcf", "unit_id": "qeeqbox-honeypots-dns", "run_mode": "full", "started_at": "2026-09-28T13:13:49Z"}
+ /Users/mz/Projects/uhbs-standard/.venv/bin/python /Users/mz/Projects/uhbs-standard/scripts/tracker.py log-run-finish --unit-id qeeqbox-honeypots-dns --mode full --out-dir /Users/mz/Projects/uhbs-standard/docs/conformance/latest/results-5.0.1/qeeqbox-honeypots/dns/full --cast-path /Users/mz/Projects/uhbs-standard/docs/conformance/latest/results-5.0.1/qeeqbox-honeypots/dns/full/proof/full-run.cast
{"ok": true, "run_id": "07f32da4587f40fdbadaa1bad110bdcf", "unit_id": "qeeqbox-honeypots-dns", "run_mode": "full", "run_status": "succeeded", "artifacts": [{"artifact_id": "73ac7e7030c3462ea2175dac6e6143f7", "type": "readme", "exists": true}, {"artifact_id": "871615320cd3415388fb4c40d0982158", "type": "scorecard", "exists": true}, {"artifact_id": "b31cf712eb794a32a3d1695781cdb2af", "type": "report_txt", "exists": true}, {"artifact_id": "918abc2711574bab83872ddcd51757d9", "type": "report_json", "exists": true}, {"artifact_id": "4fc6c31f190842ca918d3bce8f5c7f3d", "type": "manifest", "exists": true}, {"artifact_id": "fe6473ca3d3a459893fa6c11dda5896e", "type": "run_meta", "exists": true}, {"artifact_id": "07f16c0f68e04ec399e935fbce460811", "type": "run_log", "exists": true}, {"artifact_id": "aae2d331cd814bf09f383b6bf45c9fdf", "type": "cast", "exists": true}]}
+ docker rm -f uhbs-target-qeeqbox-honeypots-dns
uhbs-target-qeeqbox-honeypots-dns
validate_unit: exit 1
FAIL qeeqbox-honeypots-dns
- upstream_commit is not recorded on the unit
- fixture_path does not exist: docs/conformance/fixtures/qeeqbox-honeypots-dns.scorecard.json
- quick: hash mismatch for uhbs-run.log: e68432a3045884316eef07c79632481937096705290896f406bc0d9241970d1f != c703a44d599babb558bf8fc27c8eac244ca94e0ed0367546fb32111b55f3b759
- full: hash mismatch for proof/full-run.cast: 515a63afbf98d63069aa2b85c852b7b462bb2b1eff8b6fe57c3a62a97a5a4ac5 != ab781c4dc914b8cf949c1502f4be0de5be2fd2b182236c465339d9f33693f77a
- full: hash mismatch for uhbs-run.log: 881bff8e1dd2efaed3272e67b7cc90be15cf027dc922ca634d4ebed3ceb4e66d != 9e868e4a9cd296548e8b6e375a49faacff567ec6ee8f06709846915777747a65
- full: Module C incomplete (complete=false) — fix telemetry sink wiring / inject before publishing a full grade
- full: Module C empty/missing telemetry sink ('0 malformed / 0 records')
- full run_executions.base_image is not recorded
- full run_executions.container_runtime_strategy is not recorded


=== qeeqbox-honeypots-dns summary
  quick: UHQS=17.71 grade=F (Fail)
  full: UHQS=19.22 grade=F (Fail)
exit=0 qeeqbox-honeypots-dns
=== qeeqbox-honeypots-ftp (13:13:49Z)
site resolved: qeeqbox-ftp (alias qeeqbox-lab, telemetry_dir /telemetry)
+ docker network create uhbs-lab
Error response from daemon: network with name uhbs-lab already exists
+ docker rm -f uhbs-target-qeeqbox-honeypots-ftp
+ docker run -d --name uhbs-target-qeeqbox-honeypots-ftp --label uhbs.unit=qeeqbox-honeypots-ftp --network uhbs-lab --network-alias qeeqbox-lab -v /Users/mz/Projects/uhbs-standard/.local/labs/qeeqbox-honeypots-telemetry:/telemetry:rw qeeqbox-honeypots:uhbs-lab
75f9d27a7b4f722238badcf607d23c6fba6013c28c783c19cebe904ca3885cf1
+ docker run --rm --network uhbs-lab -v /Users/mz/Projects/uhbs-standard:/work -w /work --entrypoint python3 uhbs:5.0.1 scripts/preflight_unit.py --inventory /work/docs/conformance/labs/qeeqbox-honeypots/inventory.yaml --site qeeqbox-ftp --json --timeout 3.0 --tps /work/docs/conformance/labs/qeeqbox-honeypots/low_interaction_ftp_full.yaml
preflight PASS: [{"protocol": "ftp", "host": "qeeqbox-lab", "port": 19021, "reachable": true, "class": "reachable", "detail": "tcp connect ok"}]
=== grading qeeqbox-honeypots-ftp [quick] -> docs/conformance/latest/results-5.0.1/qeeqbox-honeypots/ftp/quick
graded ok; log: docs/conformance/latest/results-5.0.1/qeeqbox-honeypots/ftp/quick/uhbs-run.log
+ /Users/mz/Projects/uhbs-standard/.venv/bin/python /Users/mz/Projects/uhbs-standard/scripts/tracker.py log-run-start --unit-id qeeqbox-honeypots-ftp --mode quick --uhbs-version 5.0.1 --grader-image uhbs:5.0.1 --target-image qeeqbox-honeypots:uhbs-lab --telemetry-mode mounted --airgap-attested
{"ok": true, "run_id": "d910d08b7fa645f5943f4792da06e05f", "unit_id": "qeeqbox-honeypots-ftp", "run_mode": "quick", "started_at": "2026-09-28T13:14:05Z"}
+ /Users/mz/Projects/uhbs-standard/.venv/bin/python /Users/mz/Projects/uhbs-standard/scripts/tracker.py log-run-finish --unit-id qeeqbox-honeypots-ftp --mode quick --out-dir /Users/mz/Projects/uhbs-standard/docs/conformance/latest/results-5.0.1/qeeqbox-honeypots/ftp/quick
{"ok": true, "run_id": "d910d08b7fa645f5943f4792da06e05f", "unit_id": "qeeqbox-honeypots-ftp", "run_mode": "quick", "run_status": "succeeded", "artifacts": [{"artifact_id": "3815313dff484b4180ad7c5ba2be1ae3", "type": "readme", "exists": true}, {"artifact_id": "551311f055fc44eea9c31713535f0622", "type": "scorecard", "exists": true}, {"artifact_id": "7680f20ca4e4474fae2c58365acebb36", "type": "report_txt", "exists": true}, {"artifact_id": "5f79b726fa1045879240b27cf4bd9df3", "type": "report_json", "exists": true}, {"artifact_id": "575c96b9277e44e59ef7778a9317e0de", "type": "manifest", "exists": true}, {"artifact_id": "e0a00141fda64c06951d62131f670f81", "type": "run_meta", "exists": true}, {"artifact_id": "633b258fbc0142709d183df35b3d696b", "type": "run_log", "exists": true}]}
=== grading qeeqbox-honeypots-ftp [full] -> docs/conformance/latest/results-5.0.1/qeeqbox-honeypots/ftp/full
graded ok; log: docs/conformance/latest/results-5.0.1/qeeqbox-honeypots/ftp/full/uhbs-run.log
+ /Users/mz/Projects/uhbs-standard/.venv/bin/python /Users/mz/Projects/uhbs-standard/scripts/tracker.py log-run-start --unit-id qeeqbox-honeypots-ftp --mode full --uhbs-version 5.0.1 --grader-image uhbs:5.0.1-full --target-image qeeqbox-honeypots:uhbs-lab --telemetry-mode mounted --airgap-attested
{"ok": true, "run_id": "0548d5a401554395b86c8d3ef9e87c12", "unit_id": "qeeqbox-honeypots-ftp", "run_mode": "full", "started_at": "2026-09-28T13:14:32Z"}
+ /Users/mz/Projects/uhbs-standard/.venv/bin/python /Users/mz/Projects/uhbs-standard/scripts/tracker.py log-run-finish --unit-id qeeqbox-honeypots-ftp --mode full --out-dir /Users/mz/Projects/uhbs-standard/docs/conformance/latest/results-5.0.1/qeeqbox-honeypots/ftp/full --cast-path /Users/mz/Projects/uhbs-standard/docs/conformance/latest/results-5.0.1/qeeqbox-honeypots/ftp/full/proof/full-run.cast
{"ok": true, "run_id": "0548d5a401554395b86c8d3ef9e87c12", "unit_id": "qeeqbox-honeypots-ftp", "run_mode": "full", "run_status": "succeeded", "artifacts": [{"artifact_id": "d6e7b3ad00ba44f29899c5f7125813f4", "type": "readme", "exists": true}, {"artifact_id": "59d5e34d34c84d14a6594401e26246bf", "type": "scorecard", "exists": true}, {"artifact_id": "80a3a30ddd1e4f16bd1bcd2537f96049", "type": "report_txt", "exists": true}, {"artifact_id": "667f7a44d3e4419b8395bbf9148ab980", "type": "report_json", "exists": true}, {"artifact_id": "c09dc718464c40edbb1f0079afd89f35", "type": "manifest", "exists": true}, {"artifact_id": "2d0eca621c424714bcc54f0627b32539", "type": "run_meta", "exists": true}, {"artifact_id": "4b304461c47c4ca2882eaa939e7c8c07", "type": "run_log", "exists": true}, {"artifact_id": "06b8938125304e0ebc48360218a85151", "type": "cast", "exists": true}]}
+ docker rm -f uhbs-target-qeeqbox-honeypots-ftp
uhbs-target-qeeqbox-honeypots-ftp
validate_unit: exit 1
FAIL qeeqbox-honeypots-ftp
- upstream_commit is not recorded on the unit
- quick: hash mismatch for uhbs-run.log: 1116d6ce1c09593b03873639bf8156fd6813ae1acb96d0eb7a4ff8b7fa7cc74d != 5b9edace5a851e78a21b7cb706d309e78cb088beaefda5f4626063f4befe7ca8
- full: hash mismatch for proof/full-run.cast: dd0169077275ecb250a3d389bab9f62fca13ae12bb040d12f1a2049cf5e5bbfd != ac3a72f505e73e359b62507510852c15cef0edb4c05894fc46136bcbbccab031
- full: hash mismatch for uhbs-run.log: ff5b2e430715c5009ae8910402a69ba4538211a565f366af5024171e951b17fd != 582de5689630f0623d36df224c0e2e645e9bf678a0116863ffea37f3fd3d1b7c
- full: Module C incomplete (complete=false) — fix telemetry sink wiring / inject before publishing a full grade
- full: Module C empty/missing telemetry sink ('0 malformed / 0 records')
- full run_executions.base_image is not recorded
- full run_executions.container_runtime_strategy is not recorded


=== qeeqbox-honeypots-ftp summary
  quick: UHQS=16.79 grade=F (Fail)
  full: UHQS=20.78 grade=F (Fail)
exit=0 qeeqbox-honeypots-ftp
=== qeeqbox-honeypots-http (13:14:32Z)
site resolved: qeeqbox-http (alias qeeqbox-lab, telemetry_dir /telemetry)
+ docker network create uhbs-lab
Error response from daemon: network with name uhbs-lab already exists
+ docker rm -f uhbs-target-qeeqbox-honeypots-http
+ docker run -d --name uhbs-target-qeeqbox-honeypots-http --label uhbs.unit=qeeqbox-honeypots-http --network uhbs-lab --network-alias qeeqbox-lab -v /Users/mz/Projects/uhbs-standard/.local/labs/qeeqbox-honeypots-telemetry:/telemetry:rw qeeqbox-honeypots:uhbs-lab
62dce6926ac9e5c162c641901dda80981ae576035aa0eade153e4f0fb1bd4146
+ docker run --rm --network uhbs-lab -v /Users/mz/Projects/uhbs-standard:/work -w /work --entrypoint python3 uhbs:5.0.1 scripts/preflight_unit.py --inventory /work/docs/conformance/labs/qeeqbox-honeypots/inventory.yaml --site qeeqbox-http --json --timeout 3.0 --tps /work/docs/conformance/labs/qeeqbox-honeypots/web_api_http_full.yaml
preflight attempt 1: http:port_closed
+ docker run --rm --network uhbs-lab -v /Users/mz/Projects/uhbs-standard:/work -w /work --entrypoint python3 uhbs:5.0.1 scripts/preflight_unit.py --inventory /work/docs/conformance/labs/qeeqbox-honeypots/inventory.yaml --site qeeqbox-http --json --timeout 3.0 --tps /work/docs/conformance/labs/qeeqbox-honeypots/web_api_http_full.yaml
preflight PASS: [{"protocol": "http", "host": "qeeqbox-lab", "port": 19080, "reachable": true, "class": "reachable", "detail": "tcp connect ok"}]
=== grading qeeqbox-honeypots-http [quick] -> docs/conformance/latest/results-5.0.1/qeeqbox-honeypots/http/quick
graded ok; log: docs/conformance/latest/results-5.0.1/qeeqbox-honeypots/http/quick/uhbs-run.log
+ /Users/mz/Projects/uhbs-standard/.venv/bin/python /Users/mz/Projects/uhbs-standard/scripts/tracker.py log-run-start --unit-id qeeqbox-honeypots-http --mode quick --uhbs-version 5.0.1 --grader-image uhbs:5.0.1 --target-image qeeqbox-honeypots:uhbs-lab --telemetry-mode mounted --airgap-attested
{"ok": true, "run_id": "99e7f5f749a145b294e26cff1bff3771", "unit_id": "qeeqbox-honeypots-http", "run_mode": "quick", "started_at": "2026-09-28T13:14:53Z"}
+ /Users/mz/Projects/uhbs-standard/.venv/bin/python /Users/mz/Projects/uhbs-standard/scripts/tracker.py log-run-finish --unit-id qeeqbox-honeypots-http --mode quick --out-dir /Users/mz/Projects/uhbs-standard/docs/conformance/latest/results-5.0.1/qeeqbox-honeypots/http/quick
{"ok": true, "run_id": "99e7f5f749a145b294e26cff1bff3771", "unit_id": "qeeqbox-honeypots-http", "run_mode": "quick", "run_status": "succeeded", "artifacts": [{"artifact_id": "ea167cf402524af48042fd406695bad2", "type": "readme", "exists": true}, {"artifact_id": "954cda538c1c4886847413048ea1a9c2", "type": "scorecard", "exists": true}, {"artifact_id": "a0479ed13437446caa86fee2a170b984", "type": "report_txt", "exists": true}, {"artifact_id": "6f3f56d0ac9845dc821868fb3fd5b4e1", "type": "report_json", "exists": true}, {"artifact_id": "834d160963034cb0b90757b09f91688f", "type": "manifest", "exists": true}, {"artifact_id": "b8b7df74f77942faaee931c04d6aa558", "type": "run_meta", "exists": true}, {"artifact_id": "6b77c22bcb1748f1abf7efafb3d2e2fa", "type": "run_log", "exists": true}]}
=== grading qeeqbox-honeypots-http [full] -> docs/conformance/latest/results-5.0.1/qeeqbox-honeypots/http/full
graded ok; log: docs/conformance/latest/results-5.0.1/qeeqbox-honeypots/http/full/uhbs-run.log
+ /Users/mz/Projects/uhbs-standard/.venv/bin/python /Users/mz/Projects/uhbs-standard/scripts/tracker.py log-run-start --unit-id qeeqbox-honeypots-http --mode full --uhbs-version 5.0.1 --grader-image uhbs:5.0.1-full --target-image qeeqbox-honeypots:uhbs-lab --telemetry-mode mounted --airgap-attested
{"ok": true, "run_id": "8583de3698d748ae8595baa7a7b96b39", "unit_id": "qeeqbox-honeypots-http", "run_mode": "full", "started_at": "2026-09-28T13:15:17Z"}
+ /Users/mz/Projects/uhbs-standard/.venv/bin/python /Users/mz/Projects/uhbs-standard/scripts/tracker.py log-run-finish --unit-id qeeqbox-honeypots-http --mode full --out-dir /Users/mz/Projects/uhbs-standard/docs/conformance/latest/results-5.0.1/qeeqbox-honeypots/http/full --cast-path /Users/mz/Projects/uhbs-standard/docs/conformance/latest/results-5.0.1/qeeqbox-honeypots/http/full/proof/full-run.cast
{"ok": true, "run_id": "8583de3698d748ae8595baa7a7b96b39", "unit_id": "qeeqbox-honeypots-http", "run_mode": "full", "run_status": "succeeded", "artifacts": [{"artifact_id": "f634cc0ce5aa48ea95871f7f10544e30", "type": "readme", "exists": true}, {"artifact_id": "1b8f8b80a3404d40a0c2d84bbb26afed", "type": "scorecard", "exists": true}, {"artifact_id": "c7720ea91990456f83b43768d98759eb", "type": "report_txt", "exists": true}, {"artifact_id": "88fc8c38e87e4964b573882a58771f81", "type": "report_json", "exists": true}, {"artifact_id": "3f8500b723ea45c0bbd9ba6a1bb63dd9", "type": "manifest", "exists": true}, {"artifact_id": "babf246ad0314a03b96add0d3b35db26", "type": "run_meta", "exists": true}, {"artifact_id": "9b6ca1c880b146429c41d792f11812db", "type": "run_log", "exists": true}, {"artifact_id": "4237d2e833ce4444ae38f0677fca22da", "type": "cast", "exists": true}]}
+ docker rm -f uhbs-target-qeeqbox-honeypots-http
uhbs-target-qeeqbox-honeypots-http
validate_unit: exit 1
FAIL qeeqbox-honeypots-http
- upstream_commit is not recorded on the unit
- quick: hash mismatch for uhbs-run.log: 1961b75f4854c10630b2a16c95fbe25565f82f7b9357f1b5646d37c96909a239 != fc95cef050b3c3a478e03c6ce6496673af0383a3fae0d90f2dcd83f2464192d2
- full: hash mismatch for proof/full-run.cast: 759e9c55ccdbdee058d7621e83bc8cca643d8a107f7a5e006c567a1613e045e0 != 1c81edea339e43d49e76ce2e6e528f229ccdb74bbf9c9ca0b4600b74f233c396
- full: hash mismatch for uhbs-run.log: ec815d02fc36827bceca35599f978f94dac1b44170e423dbf045a3f56344244c != 080b36131e543108dda575b0ec55f863a4be9e063c97e398f7b345c0e1d7cbc7
- full: Module C empty/missing telemetry sink ('0 malformed / 0 records')
- full run_executions.base_image is not recorded
- full run_executions.container_runtime_strategy is not recorded


=== qeeqbox-honeypots-http summary
  quick: UHQS=21.56 grade=F (Fail)
  full: UHQS=25.89 grade=F (Fail)
exit=0 qeeqbox-honeypots-http
=== qeeqbox-honeypots-httpproxy (13:15:18Z)
site resolved: qeeqbox-honeypots-httpproxy (alias qeeqbox-lab, telemetry_dir /telemetry)
+ docker network create uhbs-lab
Error response from daemon: network with name uhbs-lab already exists
+ docker rm -f uhbs-target-qeeqbox-honeypots-httpproxy
+ docker run -d --name uhbs-target-qeeqbox-honeypots-httpproxy --label uhbs.unit=qeeqbox-honeypots-httpproxy --network uhbs-lab --network-alias qeeqbox-lab -v /Users/mz/Projects/uhbs-standard/.local/labs/qeeqbox-honeypots-telemetry:/telemetry:rw qeeqbox-honeypots:uhbs-lab python3 -m honeypots --termination-strategy signal --setup httpproxy:8080
fb9d5f957053c2e80d863c66db501f8ac0cbd370f867cc91be590fb792f5abfb
+ docker run --rm --network uhbs-lab -v /Users/mz/Projects/uhbs-standard:/work -w /work --entrypoint python3 uhbs:5.0.1 scripts/preflight_unit.py --inventory /work/docs/conformance/labs/qeeqbox-honeypots/inventory.yaml --site qeeqbox-honeypots-httpproxy --json --timeout 3.0 --tps /work/docs/conformance/labs/qeeqbox-honeypots/web_api_httpproxy_full.yaml
preflight attempt 1: httpproxy:port_closed
+ docker run --rm --network uhbs-lab -v /Users/mz/Projects/uhbs-standard:/work -w /work --entrypoint python3 uhbs:5.0.1 scripts/preflight_unit.py --inventory /work/docs/conformance/labs/qeeqbox-honeypots/inventory.yaml --site qeeqbox-honeypots-httpproxy --json --timeout 3.0 --tps /work/docs/conformance/labs/qeeqbox-honeypots/web_api_httpproxy_full.yaml
preflight PASS: [{"protocol": "httpproxy", "host": "qeeqbox-lab", "port": 8080, "reachable": true, "class": "reachable", "detail": "tcp connect ok"}]
=== grading qeeqbox-honeypots-httpproxy [quick] -> docs/conformance/latest/results-5.0.1/qeeqbox-honeypots/httpproxy/quick
graded ok; log: docs/conformance/latest/results-5.0.1/qeeqbox-honeypots/httpproxy/quick/uhbs-run.log
+ /Users/mz/Projects/uhbs-standard/.venv/bin/python /Users/mz/Projects/uhbs-standard/scripts/tracker.py log-run-start --unit-id qeeqbox-honeypots-httpproxy --mode quick --uhbs-version 5.0.1 --grader-image uhbs:5.0.1 --target-image qeeqbox-honeypots:uhbs-lab --telemetry-mode mounted --airgap-attested
{"ok": true, "run_id": "4a84dfe1d3404804963ac692fea5ee87", "unit_id": "qeeqbox-honeypots-httpproxy", "run_mode": "quick", "started_at": "2026-09-28T13:15:29Z"}
+ /Users/mz/Projects/uhbs-standard/.venv/bin/python /Users/mz/Projects/uhbs-standard/scripts/tracker.py log-run-finish --unit-id qeeqbox-honeypots-httpproxy --mode quick --out-dir /Users/mz/Projects/uhbs-standard/docs/conformance/latest/results-5.0.1/qeeqbox-honeypots/httpproxy/quick
{"ok": true, "run_id": "4a84dfe1d3404804963ac692fea5ee87", "unit_id": "qeeqbox-honeypots-httpproxy", "run_mode": "quick", "run_status": "succeeded", "artifacts": [{"artifact_id": "18ffc05a8e144bea99b6a20d320426d5", "type": "readme", "exists": true}, {"artifact_id": "a60618c3d7f248a9990a4cfc431e3f45", "type": "scorecard", "exists": true}, {"artifact_id": "18cc9d0dd82943e0bf8329af5b0bf6c9", "type": "report_txt", "exists": true}, {"artifact_id": "abc88be19ed44b75abf3503daaf71ee5", "type": "report_json", "exists": true}, {"artifact_id": "07d68a2fbe424a548041108976c32f78", "type": "manifest", "exists": true}, {"artifact_id": "dad3d995d52f4f06911eaa85a3d155f0", "type": "run_meta", "exists": true}, {"artifact_id": "0a6c7f79925f420abc7122de745b5518", "type": "run_log", "exists": true}]}
=== grading qeeqbox-honeypots-httpproxy [full] -> docs/conformance/latest/results-5.0.1/qeeqbox-honeypots/httpproxy/full
graded ok; log: docs/conformance/latest/results-5.0.1/qeeqbox-honeypots/httpproxy/full/uhbs-run.log
+ /Users/mz/Projects/uhbs-standard/.venv/bin/python /Users/mz/Projects/uhbs-standard/scripts/tracker.py log-run-start --unit-id qeeqbox-honeypots-httpproxy --mode full --uhbs-version 5.0.1 --grader-image uhbs:5.0.1-full --target-image qeeqbox-honeypots:uhbs-lab --telemetry-mode mounted --airgap-attested
{"ok": true, "run_id": "d620e4e73197440c946cdce3ce2075c0", "unit_id": "qeeqbox-honeypots-httpproxy", "run_mode": "full", "started_at": "2026-09-28T13:15:42Z"}
+ /Users/mz/Projects/uhbs-standard/.venv/bin/python /Users/mz/Projects/uhbs-standard/scripts/tracker.py log-run-finish --unit-id qeeqbox-honeypots-httpproxy --mode full --out-dir /Users/mz/Projects/uhbs-standard/docs/conformance/latest/results-5.0.1/qeeqbox-honeypots/httpproxy/full --cast-path /Users/mz/Projects/uhbs-standard/docs/conformance/latest/results-5.0.1/qeeqbox-honeypots/httpproxy/full/proof/full-run.cast
{"ok": true, "run_id": "d620e4e73197440c946cdce3ce2075c0", "unit_id": "qeeqbox-honeypots-httpproxy", "run_mode": "full", "run_status": "succeeded", "artifacts": [{"artifact_id": "ce056365b2b04eeda8af30cc30c983be", "type": "readme", "exists": true}, {"artifact_id": "bbef5945f234415caa1c66a4f92b1b95", "type": "scorecard", "exists": true}, {"artifact_id": "1421aa38e8a343a1b10c1c631dac9c4d", "type": "report_txt", "exists": true}, {"artifact_id": "e5e0ef7e2efd48a3963edbb25ec902ba", "type": "report_json", "exists": true}, {"artifact_id": "408e81ad4d1941b0ab2e9aad1ff253c2", "type": "manifest", "exists": true}, {"artifact_id": "e18087df6f1849efbb91d86ffa824b9c", "type": "run_meta", "exists": true}, {"artifact_id": "440c2598d85841959b3726e0a64cb302", "type": "run_log", "exists": true}, {"artifact_id": "d1f909c724cc4d1698a8f44a41271d8b", "type": "cast", "exists": true}]}
+ docker rm -f uhbs-target-qeeqbox-honeypots-httpproxy
uhbs-target-qeeqbox-honeypots-httpproxy
validate_unit: exit 1
FAIL qeeqbox-honeypots-httpproxy
- upstream_commit is not recorded on the unit
- fixture_path does not exist: docs/conformance/fixtures/qeeqbox-honeypots-httpproxy.scorecard.json
- quick: hash mismatch for uhbs-run.log: 058aec2c17c7046d97090f1fc3c09b2a39a8b2b5d321b1f7a8be4d494a7b6518 != 8a925a5cd3e9a98e60085297cc2a0804b1a7dd2e98b535134693e8076413b70f
- full: hash mismatch for proof/full-run.cast: 998d94456d5afc8bc19b8dda0768869c33ad15fb7aef640a6cfea7e531466bda != cc0308d89b53b4e40ff0499df5c8dbecb03ab1ab774f2c718a54c484731f52aa
- full: hash mismatch for uhbs-run.log: c4d7eef619b3ed8e9778a39e995cfbac6f65c6661b905e907d044d58afc0575b != 2ee71faaf465f6988928319771a51f867d6cc81e7f5a87f757b14cbeb9c8f072
- full: Module C incomplete (complete=false) — fix telemetry sink wiring / inject before publishing a full grade
- full: Module C empty/missing telemetry sink ('0 malformed / 0 records')
- full run_executions.base_image is not recorded
- full run_executions.container_runtime_strategy is not recorded


=== qeeqbox-honeypots-httpproxy summary
  quick: UHQS=16.75 grade=F (Fail)
  full: UHQS=19.41 grade=F (Fail)
exit=0 qeeqbox-honeypots-httpproxy
=== qeeqbox-honeypots-imap (13:15:43Z)
site resolved: qeeqbox-honeypots-imap (alias qeeqbox-lab, telemetry_dir /telemetry)
+ docker network create uhbs-lab
Error response from daemon: network with name uhbs-lab already exists
+ docker rm -f uhbs-target-qeeqbox-honeypots-imap
+ docker run -d --name uhbs-target-qeeqbox-honeypots-imap --label uhbs.unit=qeeqbox-honeypots-imap --network uhbs-lab --network-alias qeeqbox-lab -v /Users/mz/Projects/uhbs-standard/.local/labs/qeeqbox-honeypots-telemetry:/telemetry:rw qeeqbox-honeypots:uhbs-lab python3 -m honeypots --termination-strategy signal --setup imap:143
0dc8d607a571a84a688f48188b5ea8800aecc9b582d02084d90ef94c409d2da6
+ docker run --rm --network uhbs-lab -v /Users/mz/Projects/uhbs-standard:/work -w /work --entrypoint python3 uhbs:5.0.1 scripts/preflight_unit.py --inventory /work/docs/conformance/labs/qeeqbox-honeypots/inventory.yaml --site qeeqbox-honeypots-imap --json --timeout 3.0 --tps /work/docs/conformance/labs/qeeqbox-honeypots/low_interaction_imap_full.yaml
preflight attempt 1: imap:port_closed
+ docker run --rm --network uhbs-lab -v /Users/mz/Projects/uhbs-standard:/work -w /work --entrypoint python3 uhbs:5.0.1 scripts/preflight_unit.py --inventory /work/docs/conformance/labs/qeeqbox-honeypots/inventory.yaml --site qeeqbox-honeypots-imap --json --timeout 3.0 --tps /work/docs/conformance/labs/qeeqbox-honeypots/low_interaction_imap_full.yaml
preflight PASS: [{"protocol": "imap", "host": "qeeqbox-lab", "port": 143, "reachable": true, "class": "reachable", "detail": "tcp connect ok"}]
=== grading qeeqbox-honeypots-imap [quick] -> docs/conformance/latest/results-5.0.1/qeeqbox-honeypots/imap/quick
graded ok; log: docs/conformance/latest/results-5.0.1/qeeqbox-honeypots/imap/quick/uhbs-run.log
+ /Users/mz/Projects/uhbs-standard/.venv/bin/python /Users/mz/Projects/uhbs-standard/scripts/tracker.py log-run-start --unit-id qeeqbox-honeypots-imap --mode quick --uhbs-version 5.0.1 --grader-image uhbs:5.0.1 --target-image qeeqbox-honeypots:uhbs-lab --telemetry-mode mounted --airgap-attested
{"ok": true, "run_id": "77ceb1e99816498880172cc95bae7aab", "unit_id": "qeeqbox-honeypots-imap", "run_mode": "quick", "started_at": "2026-09-28T13:16:34Z"}
+ /Users/mz/Projects/uhbs-standard/.venv/bin/python /Users/mz/Projects/uhbs-standard/scripts/tracker.py log-run-finish --unit-id qeeqbox-honeypots-imap --mode quick --out-dir /Users/mz/Projects/uhbs-standard/docs/conformance/latest/results-5.0.1/qeeqbox-honeypots/imap/quick
{"ok": true, "run_id": "77ceb1e99816498880172cc95bae7aab", "unit_id": "qeeqbox-honeypots-imap", "run_mode": "quick", "run_status": "succeeded", "artifacts": [{"artifact_id": "e91c59a7c7744bffbe0b5b19c17508ea", "type": "readme", "exists": true}, {"artifact_id": "796f9690ef844b0daeba9c20b6810185", "type": "scorecard", "exists": true}, {"artifact_id": "84a5c308150645c390409a14117fdcc4", "type": "report_txt", "exists": true}, {"artifact_id": "aa5cd1f79ff74bc8ae0358bfbaf94c0b", "type": "report_json", "exists": true}, {"artifact_id": "7f9bc23838334362b0246f5df5d5d51b", "type": "manifest", "exists": true}, {"artifact_id": "a510280294224221a70ecf1976b3cf12", "type": "run_meta", "exists": true}, {"artifact_id": "3d4ebafac5b54a2589a5f7043f3052a5", "type": "run_log", "exists": true}]}
=== grading qeeqbox-honeypots-imap [full] -> docs/conformance/latest/results-5.0.1/qeeqbox-honeypots/imap/full
graded ok; log: docs/conformance/latest/results-5.0.1/qeeqbox-honeypots/imap/full/uhbs-run.log
+ /Users/mz/Projects/uhbs-standard/.venv/bin/python /Users/mz/Projects/uhbs-standard/scripts/tracker.py log-run-start --unit-id qeeqbox-honeypots-imap --mode full --uhbs-version 5.0.1 --grader-image uhbs:5.0.1-full --target-image qeeqbox-honeypots:uhbs-lab --telemetry-mode mounted --airgap-attested
{"ok": true, "run_id": "df9fa9b159cc4c37a3272bb322dbb4a3", "unit_id": "qeeqbox-honeypots-imap", "run_mode": "full", "started_at": "2026-09-28T13:17:28Z"}
+ /Users/mz/Projects/uhbs-standard/.venv/bin/python /Users/mz/Projects/uhbs-standard/scripts/tracker.py log-run-finish --unit-id qeeqbox-honeypots-imap --mode full --out-dir /Users/mz/Projects/uhbs-standard/docs/conformance/latest/results-5.0.1/qeeqbox-honeypots/imap/full --cast-path /Users/mz/Projects/uhbs-standard/docs/conformance/latest/results-5.0.1/qeeqbox-honeypots/imap/full/proof/full-run.cast
{"ok": true, "run_id": "df9fa9b159cc4c37a3272bb322dbb4a3", "unit_id": "qeeqbox-honeypots-imap", "run_mode": "full", "run_status": "succeeded", "artifacts": [{"artifact_id": "38da8e2d434548d196e72c843ea5e5b7", "type": "readme", "exists": true}, {"artifact_id": "42438cfe5e844744bab393502afa7420", "type": "scorecard", "exists": true}, {"artifact_id": "4e617e6cdd5b4d90847ea45a3045c668", "type": "report_txt", "exists": true}, {"artifact_id": "2069d69bd7e048f3acdca4153f39e243", "type": "report_json", "exists": true}, {"artifact_id": "8dc9586e14fa4ef7b05789c1b877c0ba", "type": "manifest", "exists": true}, {"artifact_id": "83299088961e42deb44e49fa6b041768", "type": "run_meta", "exists": true}, {"artifact_id": "a28db14ea7174c19a5cb63e099e28f2f", "type": "run_log", "exists": true}, {"artifact_id": "87e629402f2f448091991973d566c056", "type": "cast", "exists": true}]}
+ docker rm -f uhbs-target-qeeqbox-honeypots-imap
uhbs-target-qeeqbox-honeypots-imap
validate_unit: exit 1
FAIL qeeqbox-honeypots-imap
- upstream_commit is not recorded on the unit
- fixture_path does not exist: docs/conformance/fixtures/qeeqbox-honeypots-imap.scorecard.json
- quick: hash mismatch for uhbs-run.log: 5848392ab8e56fe886f985c2fc537a47259c109d208fc1d672f8df83de9e6340 != 1df81184c7f7c0b30efb23ea4df0782300d90ef96f9eb5214a311505e005e757
- full: hash mismatch for proof/full-run.cast: f97eb4ca7696c833c6d6d0c68593e4dec1f2301f7c8d977bfb179136f6d9e98c != 76d0cff2067938e97458972641699ea87c486bf070aee34fdfc4d5fe99a34270
- full: hash mismatch for uhbs-run.log: 13a76b800a66e223f75769b79fffb0526bb5d7e38af6682e89f009b48e8eacc6 != 9206c26ed1e43614dfb7568347071d9905241e5c16dd79442325b839c24cb76a
- full: Module C incomplete (complete=false) — fix telemetry sink wiring / inject before publishing a full grade
- full: Module C empty/missing telemetry sink ('0 malformed / 0 records')
- full run_executions.base_image is not recorded
- full run_executions.container_runtime_strategy is not recorded


=== qeeqbox-honeypots-imap summary
  quick: UHQS=17.02 grade=F (Fail)
  full: UHQS=23.06 grade=F (Fail)
exit=0 qeeqbox-honeypots-imap
=== qeeqbox-honeypots-ipp (13:17:29Z)
site resolved: qeeqbox-honeypots-ipp (alias qeeqbox-lab, telemetry_dir /telemetry)
+ docker network create uhbs-lab
Error response from daemon: network with name uhbs-lab already exists
+ docker rm -f uhbs-target-qeeqbox-honeypots-ipp
+ docker run -d --name uhbs-target-qeeqbox-honeypots-ipp --label uhbs.unit=qeeqbox-honeypots-ipp --network uhbs-lab --network-alias qeeqbox-lab -v /Users/mz/Projects/uhbs-standard/.local/labs/qeeqbox-honeypots-telemetry:/telemetry:rw qeeqbox-honeypots:uhbs-lab python3 -m honeypots --termination-strategy signal --setup ipp:631
5baebe29b745278a1db349d1afdc3e4ea3b3f221cc1ed466395d06a22184b083
+ docker run --rm --network uhbs-lab -v /Users/mz/Projects/uhbs-standard:/work -w /work --entrypoint python3 uhbs:5.0.1 scripts/preflight_unit.py --inventory /work/docs/conformance/labs/qeeqbox-honeypots/inventory.yaml --site qeeqbox-honeypots-ipp --json --timeout 3.0 --tps /work/docs/conformance/labs/qeeqbox-honeypots/low_interaction_ipp_full.yaml
preflight attempt 1: ipp:port_closed
+ docker run --rm --network uhbs-lab -v /Users/mz/Projects/uhbs-standard:/work -w /work --entrypoint python3 uhbs:5.0.1 scripts/preflight_unit.py --inventory /work/docs/conformance/labs/qeeqbox-honeypots/inventory.yaml --site qeeqbox-honeypots-ipp --json --timeout 3.0 --tps /work/docs/conformance/labs/qeeqbox-honeypots/low_interaction_ipp_full.yaml
preflight PASS: [{"protocol": "ipp", "host": "qeeqbox-lab", "port": 631, "reachable": true, "class": "reachable", "detail": "tcp connect ok"}]
=== grading qeeqbox-honeypots-ipp [quick] -> docs/conformance/latest/results-5.0.1/qeeqbox-honeypots/ipp/quick
graded ok; log: docs/conformance/latest/results-5.0.1/qeeqbox-honeypots/ipp/quick/uhbs-run.log
+ /Users/mz/Projects/uhbs-standard/.venv/bin/python /Users/mz/Projects/uhbs-standard/scripts/tracker.py log-run-start --unit-id qeeqbox-honeypots-ipp --mode quick --uhbs-version 5.0.1 --grader-image uhbs:5.0.1 --target-image qeeqbox-honeypots:uhbs-lab --telemetry-mode mounted --airgap-attested
{"ok": true, "run_id": "9fb564f37ec74fe195b00f18e168ff5e", "unit_id": "qeeqbox-honeypots-ipp", "run_mode": "quick", "started_at": "2026-09-28T13:17:45Z"}
+ /Users/mz/Projects/uhbs-standard/.venv/bin/python /Users/mz/Projects/uhbs-standard/scripts/tracker.py log-run-finish --unit-id qeeqbox-honeypots-ipp --mode quick --out-dir /Users/mz/Projects/uhbs-standard/docs/conformance/latest/results-5.0.1/qeeqbox-honeypots/ipp/quick
{"ok": true, "run_id": "9fb564f37ec74fe195b00f18e168ff5e", "unit_id": "qeeqbox-honeypots-ipp", "run_mode": "quick", "run_status": "succeeded", "artifacts": [{"artifact_id": "81a6ca99c0d84b82a73d2f4ab868693e", "type": "readme", "exists": true}, {"artifact_id": "12ecb21fe3e94f42b8651ee1723ca519", "type": "scorecard", "exists": true}, {"artifact_id": "db9af9a6d24f4f208011d573d11a6f48", "type": "report_txt", "exists": true}, {"artifact_id": "67382af7737448eca7f6c145ca89ec99", "type": "report_json", "exists": true}, {"artifact_id": "48131b9f41094a5f90db1319942512c7", "type": "manifest", "exists": true}, {"artifact_id": "c109067806934236b7908f62e12307e0", "type": "run_meta", "exists": true}, {"artifact_id": "b610bc48681d40548b72434b47c33636", "type": "run_log", "exists": true}]}
=== grading qeeqbox-honeypots-ipp [full] -> docs/conformance/latest/results-5.0.1/qeeqbox-honeypots/ipp/full
graded ok; log: docs/conformance/latest/results-5.0.1/qeeqbox-honeypots/ipp/full/uhbs-run.log
+ /Users/mz/Projects/uhbs-standard/.venv/bin/python /Users/mz/Projects/uhbs-standard/scripts/tracker.py log-run-start --unit-id qeeqbox-honeypots-ipp --mode full --uhbs-version 5.0.1 --grader-image uhbs:5.0.1-full --target-image qeeqbox-honeypots:uhbs-lab --telemetry-mode mounted --airgap-attested
{"ok": true, "run_id": "786f354b1bd2402180e858f6e2c00a69", "unit_id": "qeeqbox-honeypots-ipp", "run_mode": "full", "started_at": "2026-09-28T13:17:59Z"}
+ /Users/mz/Projects/uhbs-standard/.venv/bin/python /Users/mz/Projects/uhbs-standard/scripts/tracker.py log-run-finish --unit-id qeeqbox-honeypots-ipp --mode full --out-dir /Users/mz/Projects/uhbs-standard/docs/conformance/latest/results-5.0.1/qeeqbox-honeypots/ipp/full --cast-path /Users/mz/Projects/uhbs-standard/docs/conformance/latest/results-5.0.1/qeeqbox-honeypots/ipp/full/proof/full-run.cast
{"ok": true, "run_id": "786f354b1bd2402180e858f6e2c00a69", "unit_id": "qeeqbox-honeypots-ipp", "run_mode": "full", "run_status": "succeeded", "artifacts": [{"artifact_id": "ad9cdaefc2ee413abfabdf318f4eb4e3", "type": "readme", "exists": true}, {"artifact_id": "87fcfed61e5641bf95f03cd26c0cb80e", "type": "scorecard", "exists": true}, {"artifact_id": "15ba91a878064bc4847e5a0209090b35", "type": "report_txt", "exists": true}, {"artifact_id": "e4c567155e8d473b9c51c2abc7bc28a2", "type": "report_json", "exists": true}, {"artifact_id": "386c99f6b7274648bf736622fd891eff", "type": "manifest", "exists": true}, {"artifact_id": "76ce720c1f0e4308a97465c73f248f5b", "type": "run_meta", "exists": true}, {"artifact_id": "e2ada4b4ba384ec193a107b3ada409ec", "type": "run_log", "exists": true}, {"artifact_id": "9cb618eb744041c2adc31c8865fd3371", "type": "cast", "exists": true}]}
+ docker rm -f uhbs-target-qeeqbox-honeypots-ipp
uhbs-target-qeeqbox-honeypots-ipp
validate_unit: exit 1
FAIL qeeqbox-honeypots-ipp
- upstream_commit is not recorded on the unit
- fixture_path does not exist: docs/conformance/fixtures/qeeqbox-honeypots-ipp.scorecard.json
- quick: hash mismatch for uhbs-run.log: b200ff6c820f1aeae5be44bd440bb734f417fffd90e7fedd2dded0624202017f != 733fad0abd634a62e1a1758c08f27758ed6acb2666016fca2222fe0f7a36bfa9
- full: hash mismatch for proof/full-run.cast: ba9ecc40d08367821b686168f4ffd4fc3fb35b90dd79448fac6445a0a3eb2f94 != c1a629f455eec5294d3f2ba43fe217b8157858e36ec13adc3d11db74f7c10b67
- full: hash mismatch for uhbs-run.log: 27fd9a07910db1216178320a08605f0c30e5a7a6f1749dd9dd39882683e36b7d != b5a6f4c49d413c431bfc57c31b3eca860a03854140fbfc60b9a0b2647eb92b19
- full: Module C incomplete (complete=false) — fix telemetry sink wiring / inject before publishing a full grade
- full: Module C empty/missing telemetry sink ('0 malformed / 0 records')
- full run_executions.base_image is not recorded
- full run_executions.container_runtime_strategy is not recorded


=== qeeqbox-honeypots-ipp summary
  quick: UHQS=17.57 grade=F (Fail)
  full: UHQS=23.61 grade=F (Fail)
exit=0 qeeqbox-honeypots-ipp
=== qeeqbox-honeypots-mysql (13:17:59Z)
site resolved: qeeqbox-mysql (alias qeeqbox-lab, telemetry_dir /telemetry)
+ docker network create uhbs-lab
Error response from daemon: network with name uhbs-lab already exists
+ docker rm -f uhbs-target-qeeqbox-honeypots-mysql
+ docker run -d --name uhbs-target-qeeqbox-honeypots-mysql --label uhbs.unit=qeeqbox-honeypots-mysql --network uhbs-lab --network-alias qeeqbox-lab -v /Users/mz/Projects/uhbs-standard/.local/labs/qeeqbox-honeypots-telemetry:/telemetry:rw qeeqbox-honeypots:uhbs-lab
a84355202698c0061a5c31b2ba4f83f0efa52793055c2af0eb163855b45c0bee
+ docker run --rm --network uhbs-lab -v /Users/mz/Projects/uhbs-standard:/work -w /work --entrypoint python3 uhbs:5.0.1 scripts/preflight_unit.py --inventory /work/docs/conformance/labs/qeeqbox-honeypots/inventory.yaml --site qeeqbox-mysql --json --timeout 3.0 --tps /work/docs/conformance/labs/qeeqbox-honeypots/database_mysql_full.yaml
preflight attempt 1: mysql:port_closed
+ docker run --rm --network uhbs-lab -v /Users/mz/Projects/uhbs-standard:/work -w /work --entrypoint python3 uhbs:5.0.1 scripts/preflight_unit.py --inventory /work/docs/conformance/labs/qeeqbox-honeypots/inventory.yaml --site qeeqbox-mysql --json --timeout 3.0 --tps /work/docs/conformance/labs/qeeqbox-honeypots/database_mysql_full.yaml
preflight PASS: [{"protocol": "mysql", "host": "qeeqbox-lab", "port": 19306, "reachable": true, "class": "reachable", "detail": "tcp connect ok"}]
=== grading qeeqbox-honeypots-mysql [quick] -> docs/conformance/latest/results-5.0.1/qeeqbox-honeypots/mysql/quick
graded ok; log: docs/conformance/latest/results-5.0.1/qeeqbox-honeypots/mysql/quick/uhbs-run.log
+ /Users/mz/Projects/uhbs-standard/.venv/bin/python /Users/mz/Projects/uhbs-standard/scripts/tracker.py log-run-start --unit-id qeeqbox-honeypots-mysql --mode quick --uhbs-version 5.0.1 --grader-image uhbs:5.0.1 --target-image qeeqbox-honeypots:uhbs-lab --telemetry-mode mounted --airgap-attested
{"ok": true, "run_id": "f41424336d334410b01b77e108506021", "unit_id": "qeeqbox-honeypots-mysql", "run_mode": "quick", "started_at": "2026-09-28T13:18:20Z"}
+ /Users/mz/Projects/uhbs-standard/.venv/bin/python /Users/mz/Projects/uhbs-standard/scripts/tracker.py log-run-finish --unit-id qeeqbox-honeypots-mysql --mode quick --out-dir /Users/mz/Projects/uhbs-standard/docs/conformance/latest/results-5.0.1/qeeqbox-honeypots/mysql/quick
{"ok": true, "run_id": "f41424336d334410b01b77e108506021", "unit_id": "qeeqbox-honeypots-mysql", "run_mode": "quick", "run_status": "succeeded", "artifacts": [{"artifact_id": "4a657fbabada466d87254ed9683c8479", "type": "readme", "exists": true}, {"artifact_id": "89e76ed5632349839f37335def671dfd", "type": "scorecard", "exists": true}, {"artifact_id": "c235065c3f5f47959eed540f3eb60595", "type": "report_txt", "exists": true}, {"artifact_id": "f483ae88999a46aaa0d1b5aa5ae7619e", "type": "report_json", "exists": true}, {"artifact_id": "69e33a6775964a7098d8dbff43909bb1", "type": "manifest", "exists": true}, {"artifact_id": "e08b45c4f00c4e14ba4fc0e83d594a96", "type": "run_meta", "exists": true}, {"artifact_id": "35e5f373ab054bc0b4b0d3d9bc2cad8c", "type": "run_log", "exists": true}]}
=== grading qeeqbox-honeypots-mysql [full] -> docs/conformance/latest/results-5.0.1/qeeqbox-honeypots/mysql/full
graded ok; log: docs/conformance/latest/results-5.0.1/qeeqbox-honeypots/mysql/full/uhbs-run.log
+ /Users/mz/Projects/uhbs-standard/.venv/bin/python /Users/mz/Projects/uhbs-standard/scripts/tracker.py log-run-start --unit-id qeeqbox-honeypots-mysql --mode full --uhbs-version 5.0.1 --grader-image uhbs:5.0.1-full --target-image qeeqbox-honeypots:uhbs-lab --telemetry-mode mounted --airgap-attested
{"ok": true, "run_id": "0df5f75f02ff4e09bf24969800bc4e0a", "unit_id": "qeeqbox-honeypots-mysql", "run_mode": "full", "started_at": "2026-09-28T13:18:40Z"}
+ /Users/mz/Projects/uhbs-standard/.venv/bin/python /Users/mz/Projects/uhbs-standard/scripts/tracker.py log-run-finish --unit-id qeeqbox-honeypots-mysql --mode full --out-dir /Users/mz/Projects/uhbs-standard/docs/conformance/latest/results-5.0.1/qeeqbox-honeypots/mysql/full --cast-path /Users/mz/Projects/uhbs-standard/docs/conformance/latest/results-5.0.1/qeeqbox-honeypots/mysql/full/proof/full-run.cast
{"ok": true, "run_id": "0df5f75f02ff4e09bf24969800bc4e0a", "unit_id": "qeeqbox-honeypots-mysql", "run_mode": "full", "run_status": "succeeded", "artifacts": [{"artifact_id": "1f432b1a37c64f8980da6d3dc48f00eb", "type": "readme", "exists": true}, {"artifact_id": "0d8eb49658e24369a1b8fa0b0ce55602", "type": "scorecard", "exists": true}, {"artifact_id": "4c58166217f1402ca8a8deb8657148b2", "type": "report_txt", "exists": true}, {"artifact_id": "1965c99916af40a582e7099f2f2a6e5a", "type": "report_json", "exists": true}, {"artifact_id": "a2fd756ded0d4037b38082d59775ed92", "type": "manifest", "exists": true}, {"artifact_id": "918c5d4c357b43ada96da24979f49329", "type": "run_meta", "exists": true}, {"artifact_id": "14c8873a33334d80a7ba896e03c36312", "type": "run_log", "exists": true}, {"artifact_id": "d1b4f16a707c49cc98b33295a940948b", "type": "cast", "exists": true}]}
+ docker rm -f uhbs-target-qeeqbox-honeypots-mysql
uhbs-target-qeeqbox-honeypots-mysql
validate_unit: exit 1
FAIL qeeqbox-honeypots-mysql
- upstream_commit is not recorded on the unit
- quick: hash mismatch for uhbs-run.log: 8227a64c1a16e2948f33b76d983b047167dc0c6ccba2a1019ed6f915637d8de7 != 2dc301dd5402c05a9556c5c621e49ab308c8a15c31bff704f5c71d48fb0ec6c5
- full: hash mismatch for proof/full-run.cast: 85c86947a49cd9d4e4a2b9d3ee2fc7e9146502dab75b742708ab2b216f7b502b != 531e8444d844059cf2e369ca87e18670b6dc21ddd86a7969578dd9e179a2aca7
- full: hash mismatch for uhbs-run.log: b795169ceab865938adfb1592f54f8e0b9cda9c189a1910a91a74d4e39644597 != b90bc1caa096550502bd5fd10275b719bb1814b7edea54926aee52091b23649b
- full: Module C incomplete (complete=false) — fix telemetry sink wiring / inject before publishing a full grade
- full: Module C empty/missing telemetry sink ('0 malformed / 0 records')
- full run_executions.base_image is not recorded
- full run_executions.container_runtime_strategy is not recorded


=== qeeqbox-honeypots-mysql summary
  quick: UHQS=19.88 grade=F (Fail)
  full: UHQS=25.92 grade=F (Fail)
exit=0 qeeqbox-honeypots-mysql
=== qeeqbox-honeypots-ntp (13:18:41Z)
site resolved: qeeqbox-honeypots-ntp (alias qeeqbox-lab, telemetry_dir /telemetry)
+ docker network create uhbs-lab
Error response from daemon: network with name uhbs-lab already exists
+ docker rm -f uhbs-target-qeeqbox-honeypots-ntp
+ docker run -d --name uhbs-target-qeeqbox-honeypots-ntp --label uhbs.unit=qeeqbox-honeypots-ntp --network uhbs-lab --network-alias qeeqbox-lab -v /Users/mz/Projects/uhbs-standard/.local/labs/qeeqbox-honeypots-telemetry:/telemetry:rw qeeqbox-honeypots:uhbs-lab python3 -m honeypots --termination-strategy signal --setup ntp:123
683331c6f5fd1fe915edc9cab904ff85f8774e448bf588bccc4558c0c73ab9fd
+ docker run --rm --network uhbs-lab -v /Users/mz/Projects/uhbs-standard:/work -w /work --entrypoint python3 uhbs:5.0.1 scripts/preflight_unit.py --inventory /work/docs/conformance/labs/qeeqbox-honeypots/inventory.yaml --site qeeqbox-honeypots-ntp --json --timeout 3.0 --tps /work/docs/conformance/labs/qeeqbox-honeypots/low_interaction_ntp_full.yaml
preflight attempt 1: ntp:udp_no_reply
+ docker run --rm --network uhbs-lab -v /Users/mz/Projects/uhbs-standard:/work -w /work --entrypoint python3 uhbs:5.0.1 scripts/preflight_unit.py --inventory /work/docs/conformance/labs/qeeqbox-honeypots/inventory.yaml --site qeeqbox-honeypots-ntp --json --timeout 3.0 --tps /work/docs/conformance/labs/qeeqbox-honeypots/low_interaction_ntp_full.yaml
preflight attempt 2: ntp:udp_no_reply
+ docker run --rm --network uhbs-lab -v /Users/mz/Projects/uhbs-standard:/work -w /work --entrypoint python3 uhbs:5.0.1 scripts/preflight_unit.py --inventory /work/docs/conformance/labs/qeeqbox-honeypots/inventory.yaml --site qeeqbox-honeypots-ntp --json --timeout 3.0 --tps /work/docs/conformance/labs/qeeqbox-honeypots/low_interaction_ntp_full.yaml
preflight attempt 3: ntp:udp_no_reply
+ docker run --rm --network uhbs-lab -v /Users/mz/Projects/uhbs-standard:/work -w /work --entrypoint python3 uhbs:5.0.1 scripts/preflight_unit.py --inventory /work/docs/conformance/labs/qeeqbox-honeypots/inventory.yaml --site qeeqbox-honeypots-ntp --json --timeout 3.0 --tps /work/docs/conformance/labs/qeeqbox-honeypots/low_interaction_ntp_full.yaml
preflight PASS: [{"protocol": "ntp", "host": "qeeqbox-lab", "port": 123, "reachable": true, "class": "reachable", "detail": "udp reply 48B in 0.00s"}]
=== grading qeeqbox-honeypots-ntp [quick] -> docs/conformance/latest/results-5.0.1/qeeqbox-honeypots/ntp/quick
graded ok; log: docs/conformance/latest/results-5.0.1/qeeqbox-honeypots/ntp/quick/uhbs-run.log
+ /Users/mz/Projects/uhbs-standard/.venv/bin/python /Users/mz/Projects/uhbs-standard/scripts/tracker.py log-run-start --unit-id qeeqbox-honeypots-ntp --mode quick --uhbs-version 5.0.1 --grader-image uhbs:5.0.1 --target-image qeeqbox-honeypots:uhbs-lab --telemetry-mode mounted --airgap-attested
{"ok": true, "run_id": "4169899e82ae4ce29d5bf9d402f7232e", "unit_id": "qeeqbox-honeypots-ntp", "run_mode": "quick", "started_at": "2026-09-28T13:19:25Z"}
+ /Users/mz/Projects/uhbs-standard/.venv/bin/python /Users/mz/Projects/uhbs-standard/scripts/tracker.py log-run-finish --unit-id qeeqbox-honeypots-ntp --mode quick --out-dir /Users/mz/Projects/uhbs-standard/docs/conformance/latest/results-5.0.1/qeeqbox-honeypots/ntp/quick
{"ok": true, "run_id": "4169899e82ae4ce29d5bf9d402f7232e", "unit_id": "qeeqbox-honeypots-ntp", "run_mode": "quick", "run_status": "succeeded", "artifacts": [{"artifact_id": "529d2340c013489785f95ed10f9e5dd4", "type": "readme", "exists": true}, {"artifact_id": "c668e953c7a34d7387ded2962336fbc5", "type": "scorecard", "exists": true}, {"artifact_id": "fefea9e70414407696806d61cf2eda28", "type": "report_txt", "exists": true}, {"artifact_id": "6d2b65c187474306a1b2ba909e9bc479", "type": "report_json", "exists": true}, {"artifact_id": "216a6e12aaaa4211a05f9240dfd5b79d", "type": "manifest", "exists": true}, {"artifact_id": "1c97f79a2f674d8faf39d63829b82f3e", "type": "run_meta", "exists": true}, {"artifact_id": "c468ca1a46ac4b00b5781b96cd6ea295", "type": "run_log", "exists": true}]}
=== grading qeeqbox-honeypots-ntp [full] -> docs/conformance/latest/results-5.0.1/qeeqbox-honeypots/ntp/full
graded ok; log: docs/conformance/latest/results-5.0.1/qeeqbox-honeypots/ntp/full/uhbs-run.log
+ /Users/mz/Projects/uhbs-standard/.venv/bin/python /Users/mz/Projects/uhbs-standard/scripts/tracker.py log-run-start --unit-id qeeqbox-honeypots-ntp --mode full --uhbs-version 5.0.1 --grader-image uhbs:5.0.1-full --target-image qeeqbox-honeypots:uhbs-lab --telemetry-mode mounted --airgap-attested
{"ok": true, "run_id": "e240ef17220a473daaec54b7ae4d1dd5", "unit_id": "qeeqbox-honeypots-ntp", "run_mode": "full", "started_at": "2026-09-28T13:20:12Z"}
+ /Users/mz/Projects/uhbs-standard/.venv/bin/python /Users/mz/Projects/uhbs-standard/scripts/tracker.py log-run-finish --unit-id qeeqbox-honeypots-ntp --mode full --out-dir /Users/mz/Projects/uhbs-standard/docs/conformance/latest/results-5.0.1/qeeqbox-honeypots/ntp/full --cast-path /Users/mz/Projects/uhbs-standard/docs/conformance/latest/results-5.0.1/qeeqbox-honeypots/ntp/full/proof/full-run.cast
{"ok": true, "run_id": "e240ef17220a473daaec54b7ae4d1dd5", "unit_id": "qeeqbox-honeypots-ntp", "run_mode": "full", "run_status": "succeeded", "artifacts": [{"artifact_id": "5e65fd2a39e14c19b9f0308048a612b8", "type": "readme", "exists": true}, {"artifact_id": "becbde8f0abf43b89240501116edb343", "type": "scorecard", "exists": true}, {"artifact_id": "413e0216e9524ce991ee8a13811b278c", "type": "report_txt", "exists": true}, {"artifact_id": "327aac61d161479bbb6a68ccd525adb6", "type": "report_json", "exists": true}, {"artifact_id": "c11e713b2b1b4dc0ad09f03afe9a2633", "type": "manifest", "exists": true}, {"artifact_id": "89157d65787e47fa861167612b66ffe9", "type": "run_meta", "exists": true}, {"artifact_id": "adb897ff726e4ca596689a65142e8278", "type": "run_log", "exists": true}, {"artifact_id": "970da782293e41619f1825462c9599c3", "type": "cast", "exists": true}]}
+ docker rm -f uhbs-target-qeeqbox-honeypots-ntp
uhbs-target-qeeqbox-honeypots-ntp
validate_unit: exit 1
FAIL qeeqbox-honeypots-ntp
- upstream_commit is not recorded on the unit
- fixture_path does not exist: docs/conformance/fixtures/qeeqbox-honeypots-ntp.scorecard.json
- quick: hash mismatch for uhbs-run.log: e23acc216308ef96f9f5eb50a2dd8ef7b101f9bb803b8c1d426db7041c2a7cad != f4d6d56c819f2ed15ecd3ccbf8888f1c88ddcd2fbc6b3d8ceb8ca22d7d76163c
- full: hash mismatch for proof/full-run.cast: c7ce26493fd013892aaad63a4b4bd459c0849fa53b2acc1e2e4fcdd3905bdcaa != 75a412fd60f5eb377eb8c429cb54efc799e73f0a218c39372e6a1b14de1b9f4f
- full: hash mismatch for uhbs-run.log: 370fbcf767d0e61d4fbb3ad21bb62defc1c90fa9bec4354b5f84e1c693ce8c90 != 750fd82804f2f2ad1b4d2d304d136274627e54b57d48e37f1a9b48c814b71dc9
- full: Module C incomplete (complete=false) — fix telemetry sink wiring / inject before publishing a full grade
- full: Module C empty/missing telemetry sink ('0 malformed / 0 records')
- full run_executions.base_image is not recorded
- full run_executions.container_runtime_strategy is not recorded


=== qeeqbox-honeypots-ntp summary
  quick: UHQS=15.4 grade=F (Fail)
  full: UHQS=24.36 grade=F (Fail)
exit=0 qeeqbox-honeypots-ntp
=== qeeqbox-honeypots-pop3 (13:20:12Z)
site resolved: qeeqbox-pop3 (alias qeeqbox-lab, telemetry_dir /telemetry)
+ docker network create uhbs-lab
Error response from daemon: network with name uhbs-lab already exists
+ docker rm -f uhbs-target-qeeqbox-honeypots-pop3
+ docker run -d --name uhbs-target-qeeqbox-honeypots-pop3 --label uhbs.unit=qeeqbox-honeypots-pop3 --network uhbs-lab --network-alias qeeqbox-lab -v /Users/mz/Projects/uhbs-standard/.local/labs/qeeqbox-honeypots-telemetry:/telemetry:rw qeeqbox-honeypots:uhbs-lab
2ebf7a20064be79c2fa2d5ce61ce1ed771c3e6bed597d637b222ba658a0229b4
+ docker run --rm --network uhbs-lab -v /Users/mz/Projects/uhbs-standard:/work -w /work --entrypoint python3 uhbs:5.0.1 scripts/preflight_unit.py --inventory /work/docs/conformance/labs/qeeqbox-honeypots/inventory.yaml --site qeeqbox-pop3 --json --timeout 3.0 --tps /work/docs/conformance/labs/qeeqbox-honeypots/low_interaction_pop3_full.yaml
preflight attempt 1: pop3:port_closed
+ docker run --rm --network uhbs-lab -v /Users/mz/Projects/uhbs-standard:/work -w /work --entrypoint python3 uhbs:5.0.1 scripts/preflight_unit.py --inventory /work/docs/conformance/labs/qeeqbox-honeypots/inventory.yaml --site qeeqbox-pop3 --json --timeout 3.0 --tps /work/docs/conformance/labs/qeeqbox-honeypots/low_interaction_pop3_full.yaml
preflight PASS: [{"protocol": "pop3", "host": "qeeqbox-lab", "port": 19110, "reachable": true, "class": "reachable", "detail": "tcp connect ok"}]
=== grading qeeqbox-honeypots-pop3 [quick] -> docs/conformance/latest/results-5.0.1/qeeqbox-honeypots/pop3/quick
graded ok; log: docs/conformance/latest/results-5.0.1/qeeqbox-honeypots/pop3/quick/uhbs-run.log
+ /Users/mz/Projects/uhbs-standard/.venv/bin/python /Users/mz/Projects/uhbs-standard/scripts/tracker.py log-run-start --unit-id qeeqbox-honeypots-pop3 --mode quick --uhbs-version 5.0.1 --grader-image uhbs:5.0.1 --target-image qeeqbox-honeypots:uhbs-lab --telemetry-mode mounted --airgap-attested
{"ok": true, "run_id": "71107d695833445392c37afde2dc4b4e", "unit_id": "qeeqbox-honeypots-pop3", "run_mode": "quick", "started_at": "2026-09-28T13:20:36Z"}
+ /Users/mz/Projects/uhbs-standard/.venv/bin/python /Users/mz/Projects/uhbs-standard/scripts/tracker.py log-run-finish --unit-id qeeqbox-honeypots-pop3 --mode quick --out-dir /Users/mz/Projects/uhbs-standard/docs/conformance/latest/results-5.0.1/qeeqbox-honeypots/pop3/quick
{"ok": true, "run_id": "71107d695833445392c37afde2dc4b4e", "unit_id": "qeeqbox-honeypots-pop3", "run_mode": "quick", "run_status": "succeeded", "artifacts": [{"artifact_id": "d9af3926d314483bb6e620325b6f7dcc", "type": "readme", "exists": true}, {"artifact_id": "263393580962403f80df3754a210b3dc", "type": "scorecard", "exists": true}, {"artifact_id": "e5c783f7c80a472cb7ef37d012542e39", "type": "report_txt", "exists": true}, {"artifact_id": "799ee99f45364bf88866a7cf98eed7d0", "type": "report_json", "exists": true}, {"artifact_id": "1e11bc6f198b41ea81bbdfff7d1d723c", "type": "manifest", "exists": true}, {"artifact_id": "2a425a7bccbb418389a75dffe6a2ee96", "type": "run_meta", "exists": true}, {"artifact_id": "02c48e660c4d486fa063930d0394ec0c", "type": "run_log", "exists": true}]}
=== grading qeeqbox-honeypots-pop3 [full] -> docs/conformance/latest/results-5.0.1/qeeqbox-honeypots/pop3/full
graded ok; log: docs/conformance/latest/results-5.0.1/qeeqbox-honeypots/pop3/full/uhbs-run.log
+ /Users/mz/Projects/uhbs-standard/.venv/bin/python /Users/mz/Projects/uhbs-standard/scripts/tracker.py log-run-start --unit-id qeeqbox-honeypots-pop3 --mode full --uhbs-version 5.0.1 --grader-image uhbs:5.0.1-full --target-image qeeqbox-honeypots:uhbs-lab --telemetry-mode mounted --airgap-attested
{"ok": true, "run_id": "b400fffc510f4006b0117d9a8a586488", "unit_id": "qeeqbox-honeypots-pop3", "run_mode": "full", "started_at": "2026-09-28T13:21:00Z"}
+ /Users/mz/Projects/uhbs-standard/.venv/bin/python /Users/mz/Projects/uhbs-standard/scripts/tracker.py log-run-finish --unit-id qeeqbox-honeypots-pop3 --mode full --out-dir /Users/mz/Projects/uhbs-standard/docs/conformance/latest/results-5.0.1/qeeqbox-honeypots/pop3/full --cast-path /Users/mz/Projects/uhbs-standard/docs/conformance/latest/results-5.0.1/qeeqbox-honeypots/pop3/full/proof/full-run.cast
{"ok": true, "run_id": "b400fffc510f4006b0117d9a8a586488", "unit_id": "qeeqbox-honeypots-pop3", "run_mode": "full", "run_status": "succeeded", "artifacts": [{"artifact_id": "93fbd4102db8470d9c94a071fbcd7a41", "type": "readme", "exists": true}, {"artifact_id": "52f22a1334d645d99eb8e29401d04901", "type": "scorecard", "exists": true}, {"artifact_id": "48c1dd079c804ebdb2e24b2f5f48d76c", "type": "report_txt", "exists": true}, {"artifact_id": "4e816c5559914530a9966e0c4f1742ce", "type": "report_json", "exists": true}, {"artifact_id": "d2bd5f87d8704e6698774c42be944e9c", "type": "manifest", "exists": true}, {"artifact_id": "ce9214795f2d4dca840d2ace27aab0c4", "type": "run_meta", "exists": true}, {"artifact_id": "42d4d30df3c24e7ca207f5e846927440", "type": "run_log", "exists": true}, {"artifact_id": "2b8eb8873b754b9c8b910def4f74f44c", "type": "cast", "exists": true}]}
+ docker rm -f uhbs-target-qeeqbox-honeypots-pop3
uhbs-target-qeeqbox-honeypots-pop3
validate_unit: exit 1
FAIL qeeqbox-honeypots-pop3
- upstream_commit is not recorded on the unit
- quick: hash mismatch for uhbs-run.log: 519ab290ff08026395d2fd93c7ea9a5ebe987f0ef623f5b75c424f6e41485901 != f77b9d1ee1098e331b0b23d1bc1759735a77445107caf4ced4a150446a3ef5fc
- full: hash mismatch for proof/full-run.cast: 24a1bc0ff4ec4c3f60755b7b43b0e9c87ea7f7c955ce9245b9f6930791c7a7c9 != 1be160e33bafd5c0340539483e5fc8b317cf612ccc107e9abaa004d90cfd225e
- full: hash mismatch for uhbs-run.log: 75b1e6ed0698b3812236e0237f001b19a572d90b89ecaa3f0ed2625e895d3a07 != aed6062df3c0770d3474f0369c0a46e1079fee9ae98388fe52447b3008d3c8fd
- full: Module C incomplete (complete=false) — fix telemetry sink wiring / inject before publishing a full grade
- full: Module C empty/missing telemetry sink ('0 malformed / 0 records')
- full run_executions.base_image is not recorded
- full run_executions.container_runtime_strategy is not recorded


=== qeeqbox-honeypots-pop3 summary
  quick: UHQS=22.39 grade=F (Fail)
  full: UHQS=28.43 grade=F (Fail)
exit=0 qeeqbox-honeypots-pop3
=== qeeqbox-honeypots-rdp (13:21:01Z)
site resolved: qeeqbox-honeypots-rdp (alias qeeqbox-lab, telemetry_dir /telemetry)
+ docker network create uhbs-lab
Error response from daemon: network with name uhbs-lab already exists
+ docker rm -f uhbs-target-qeeqbox-honeypots-rdp
+ docker run -d --name uhbs-target-qeeqbox-honeypots-rdp --label uhbs.unit=qeeqbox-honeypots-rdp --network uhbs-lab --network-alias qeeqbox-lab -v /Users/mz/Projects/uhbs-standard/.local/labs/qeeqbox-honeypots-telemetry:/telemetry:rw qeeqbox-honeypots:uhbs-lab python3 -m honeypots --termination-strategy signal --setup rdp:3389
9d81349f8feb80466461cee5634cedf3c5c45b479a21819b00200c0c379cfa5b
+ docker run --rm --network uhbs-lab -v /Users/mz/Projects/uhbs-standard:/work -w /work --entrypoint python3 uhbs:5.0.1 scripts/preflight_unit.py --inventory /work/docs/conformance/labs/qeeqbox-honeypots/inventory.yaml --site qeeqbox-honeypots-rdp --json --timeout 3.0 --tps /work/docs/conformance/labs/qeeqbox-honeypots/low_interaction_rdp_full.yaml
preflight attempt 1: rdp:port_closed
+ docker run --rm --network uhbs-lab -v /Users/mz/Projects/uhbs-standard:/work -w /work --entrypoint python3 uhbs:5.0.1 scripts/preflight_unit.py --inventory /work/docs/conformance/labs/qeeqbox-honeypots/inventory.yaml --site qeeqbox-honeypots-rdp --json --timeout 3.0 --tps /work/docs/conformance/labs/qeeqbox-honeypots/low_interaction_rdp_full.yaml
preflight PASS: [{"protocol": "rdp", "host": "qeeqbox-lab", "port": 3389, "reachable": true, "class": "reachable", "detail": "tcp connect ok"}]
=== grading qeeqbox-honeypots-rdp [quick] -> docs/conformance/latest/results-5.0.1/qeeqbox-honeypots/rdp/quick
graded ok; log: docs/conformance/latest/results-5.0.1/qeeqbox-honeypots/rdp/quick/uhbs-run.log
+ /Users/mz/Projects/uhbs-standard/.venv/bin/python /Users/mz/Projects/uhbs-standard/scripts/tracker.py log-run-start --unit-id qeeqbox-honeypots-rdp --mode quick --uhbs-version 5.0.1 --grader-image uhbs:5.0.1 --target-image qeeqbox-honeypots:uhbs-lab --telemetry-mode mounted --airgap-attested
{"ok": true, "run_id": "ebc53043733146aa8da17cf181da29cf", "unit_id": "qeeqbox-honeypots-rdp", "run_mode": "quick", "started_at": "2026-09-28T13:21:09Z"}
+ /Users/mz/Projects/uhbs-standard/.venv/bin/python /Users/mz/Projects/uhbs-standard/scripts/tracker.py log-run-finish --unit-id qeeqbox-honeypots-rdp --mode quick --out-dir /Users/mz/Projects/uhbs-standard/docs/conformance/latest/results-5.0.1/qeeqbox-honeypots/rdp/quick
{"ok": true, "run_id": "ebc53043733146aa8da17cf181da29cf", "unit_id": "qeeqbox-honeypots-rdp", "run_mode": "quick", "run_status": "succeeded", "artifacts": [{"artifact_id": "4dac7a3a6ac7448a8de485c9a71d0776", "type": "readme", "exists": true}, {"artifact_id": "0f36a5c9e00a481f851e3efe6fe15509", "type": "scorecard", "exists": true}, {"artifact_id": "8e973178dec54210b9e0bb7a0e7575d9", "type": "report_txt", "exists": true}, {"artifact_id": "daf9358e1672412ebd0accda46d97f7f", "type": "report_json", "exists": true}, {"artifact_id": "da55c00f01bb42648df3f31720e17460", "type": "manifest", "exists": true}, {"artifact_id": "304b19afb19a46ec957112a961eb48a3", "type": "run_meta", "exists": true}, {"artifact_id": "7fcff2220fb0425490851958b162cde9", "type": "run_log", "exists": true}]}
=== grading qeeqbox-honeypots-rdp [full] -> docs/conformance/latest/results-5.0.1/qeeqbox-honeypots/rdp/full
graded ok; log: docs/conformance/latest/results-5.0.1/qeeqbox-honeypots/rdp/full/uhbs-run.log
+ /Users/mz/Projects/uhbs-standard/.venv/bin/python /Users/mz/Projects/uhbs-standard/scripts/tracker.py log-run-start --unit-id qeeqbox-honeypots-rdp --mode full --uhbs-version 5.0.1 --grader-image uhbs:5.0.1-full --target-image qeeqbox-honeypots:uhbs-lab --telemetry-mode mounted --airgap-attested
{"ok": true, "run_id": "48432d0dab4847999b9c339b52b41de2", "unit_id": "qeeqbox-honeypots-rdp", "run_mode": "full", "started_at": "2026-09-28T13:21:19Z"}
+ /Users/mz/Projects/uhbs-standard/.venv/bin/python /Users/mz/Projects/uhbs-standard/scripts/tracker.py log-run-finish --unit-id qeeqbox-honeypots-rdp --mode full --out-dir /Users/mz/Projects/uhbs-standard/docs/conformance/latest/results-5.0.1/qeeqbox-honeypots/rdp/full --cast-path /Users/mz/Projects/uhbs-standard/docs/conformance/latest/results-5.0.1/qeeqbox-honeypots/rdp/full/proof/full-run.cast
{"ok": true, "run_id": "48432d0dab4847999b9c339b52b41de2", "unit_id": "qeeqbox-honeypots-rdp", "run_mode": "full", "run_status": "succeeded", "artifacts": [{"artifact_id": "b4872f90f46a4498b5433d1cc3c1873b", "type": "readme", "exists": true}, {"artifact_id": "e3b9bb09f7eb45a0b80691016701a915", "type": "scorecard", "exists": true}, {"artifact_id": "c7d06e7664924f99bf3e86633dd52b0d", "type": "report_txt", "exists": true}, {"artifact_id": "2b368ef7154a4eb5be65f50eac7e1616", "type": "report_json", "exists": true}, {"artifact_id": "ef62a622502e4575b5f63a8187bb3745", "type": "manifest", "exists": true}, {"artifact_id": "ff17b2bf7b6d4943be4ecee043eaf339", "type": "run_meta", "exists": true}, {"artifact_id": "7ada60b4f0904adaa613d7b0d2332f46", "type": "run_log", "exists": true}, {"artifact_id": "db95bda4a3c54b1692ad5f06cfc1fdef", "type": "cast", "exists": true}]}
+ docker rm -f uhbs-target-qeeqbox-honeypots-rdp
uhbs-target-qeeqbox-honeypots-rdp
validate_unit: exit 1
FAIL qeeqbox-honeypots-rdp
- upstream_commit is not recorded on the unit
- fixture_path does not exist: docs/conformance/fixtures/qeeqbox-honeypots-rdp.scorecard.json
- quick: hash mismatch for uhbs-run.log: 58023d83fb5c24ef774d414b2a8087745369c6ccd35eddf077540efb27c8e186 != 8364914c56d860537d0cdbba25eee9737a8c9c7bd90acfa7bb8fab436721f002
- full: hash mismatch for proof/full-run.cast: e8b964b2cb5df13c4e012abdaaa3a875e3688750110b17f603d04601ca1cebf6 != 4eb42ff227bfb52e287e5da9b2a23f9a6f3704051150e02cc73bcb7699c07bff
- full: hash mismatch for uhbs-run.log: 199a5d2cc3cc019bdc4f3971ac5f9a119d6ee823064f3d506fa840c169dd397f != 11f029d89bfcdfee2b3464121fac416a5435cacabff9cea8675ec4d17b812b6b
- full: Module C incomplete (complete=false) — fix telemetry sink wiring / inject before publishing a full grade
- full: Module C empty/missing telemetry sink ('0 malformed / 0 records')
- full run_executions.base_image is not recorded
- full run_executions.container_runtime_strategy is not recorded


=== qeeqbox-honeypots-rdp summary
  quick: UHQS=22.47 grade=F (Fail)
  full: UHQS=28.51 grade=F (Fail)
exit=0 qeeqbox-honeypots-rdp
=== qeeqbox-honeypots-sip (13:21:19Z)
site resolved: qeeqbox-honeypots-sip (alias qeeqbox-lab, telemetry_dir /telemetry)
+ docker network create uhbs-lab
Error response from daemon: network with name uhbs-lab already exists
+ docker rm -f uhbs-target-qeeqbox-honeypots-sip
+ docker run -d --name uhbs-target-qeeqbox-honeypots-sip --label uhbs.unit=qeeqbox-honeypots-sip --network uhbs-lab --network-alias qeeqbox-lab -v /Users/mz/Projects/uhbs-standard/.local/labs/qeeqbox-honeypots-telemetry:/telemetry:rw qeeqbox-honeypots:uhbs-lab python3 -m honeypots --termination-strategy signal --setup sip:5060
7cd7baefa1974de5e766586d6c025ab890845a7d744b6e10ac43b7cce4508309
+ docker run --rm --network uhbs-lab -v /Users/mz/Projects/uhbs-standard:/work -w /work --entrypoint python3 uhbs:5.0.1 scripts/preflight_unit.py --inventory /work/docs/conformance/labs/qeeqbox-honeypots/inventory.yaml --site qeeqbox-honeypots-sip --json --timeout 3.0 --tps /work/docs/conformance/labs/qeeqbox-honeypots/low_interaction_sip_full.yaml
preflight attempt 1: sip:udp_no_reply
+ docker run --rm --network uhbs-lab -v /Users/mz/Projects/uhbs-standard:/work -w /work --entrypoint python3 uhbs:5.0.1 scripts/preflight_unit.py --inventory /work/docs/conformance/labs/qeeqbox-honeypots/inventory.yaml --site qeeqbox-honeypots-sip --json --timeout 3.0 --tps /work/docs/conformance/labs/qeeqbox-honeypots/low_interaction_sip_full.yaml
preflight attempt 2: sip:udp_no_reply
+ docker run --rm --network uhbs-lab -v /Users/mz/Projects/uhbs-standard:/work -w /work --entrypoint python3 uhbs:5.0.1 scripts/preflight_unit.py --inventory /work/docs/conformance/labs/qeeqbox-honeypots/inventory.yaml --site qeeqbox-honeypots-sip --json --timeout 3.0 --tps /work/docs/conformance/labs/qeeqbox-honeypots/low_interaction_sip_full.yaml
preflight attempt 3: sip:udp_no_reply
+ docker run --rm --network uhbs-lab -v /Users/mz/Projects/uhbs-standard:/work -w /work --entrypoint python3 uhbs:5.0.1 scripts/preflight_unit.py --inventory /work/docs/conformance/labs/qeeqbox-honeypots/inventory.yaml --site qeeqbox-honeypots-sip --json --timeout 3.0 --tps /work/docs/conformance/labs/qeeqbox-honeypots/low_interaction_sip_full.yaml
preflight PASS: [{"protocol": "sip", "host": "qeeqbox-lab", "port": 5060, "reachable": true, "class": "reachable", "detail": "udp reply 210B in 0.01s"}]
=== grading qeeqbox-honeypots-sip [quick] -> docs/conformance/latest/results-5.0.1/qeeqbox-honeypots/sip/quick
graded ok; log: docs/conformance/latest/results-5.0.1/qeeqbox-honeypots/sip/quick/uhbs-run.log
+ /Users/mz/Projects/uhbs-standard/.venv/bin/python /Users/mz/Projects/uhbs-standard/scripts/tracker.py log-run-start --unit-id qeeqbox-honeypots-sip --mode quick --uhbs-version 5.0.1 --grader-image uhbs:5.0.1 --target-image qeeqbox-honeypots:uhbs-lab --telemetry-mode mounted --airgap-attested
{"ok": true, "run_id": "c401c8376dcc4b849fdb2c79780d0581", "unit_id": "qeeqbox-honeypots-sip", "run_mode": "quick", "started_at": "2026-09-28T13:22:04Z"}
+ /Users/mz/Projects/uhbs-standard/.venv/bin/python /Users/mz/Projects/uhbs-standard/scripts/tracker.py log-run-finish --unit-id qeeqbox-honeypots-sip --mode quick --out-dir /Users/mz/Projects/uhbs-standard/docs/conformance/latest/results-5.0.1/qeeqbox-honeypots/sip/quick
{"ok": true, "run_id": "c401c8376dcc4b849fdb2c79780d0581", "unit_id": "qeeqbox-honeypots-sip", "run_mode": "quick", "run_status": "succeeded", "artifacts": [{"artifact_id": "e841ad373a5e49779d1467c6def59580", "type": "readme", "exists": true}, {"artifact_id": "b0075b8e0b1846ba990e3ca797b28916", "type": "scorecard", "exists": true}, {"artifact_id": "76034f3fe8ba445dbf00465f4f552cb2", "type": "report_txt", "exists": true}, {"artifact_id": "24ed7164dddc410da009c8b955533eb3", "type": "report_json", "exists": true}, {"artifact_id": "3e7adc61c8174556b9f8110d7859880a", "type": "manifest", "exists": true}, {"artifact_id": "4c18d3f8bd4245e1887ecb5827341426", "type": "run_meta", "exists": true}, {"artifact_id": "635451403299489084645649ae5dafad", "type": "run_log", "exists": true}]}
=== grading qeeqbox-honeypots-sip [full] -> docs/conformance/latest/results-5.0.1/qeeqbox-honeypots/sip/full
graded ok; log: docs/conformance/latest/results-5.0.1/qeeqbox-honeypots/sip/full/uhbs-run.log
+ /Users/mz/Projects/uhbs-standard/.venv/bin/python /Users/mz/Projects/uhbs-standard/scripts/tracker.py log-run-start --unit-id qeeqbox-honeypots-sip --mode full --uhbs-version 5.0.1 --grader-image uhbs:5.0.1-full --target-image qeeqbox-honeypots:uhbs-lab --telemetry-mode mounted --airgap-attested
{"ok": true, "run_id": "630991737a0943e6b2ea0d0d91aa9201", "unit_id": "qeeqbox-honeypots-sip", "run_mode": "full", "started_at": "2026-09-28T13:22:57Z"}
+ /Users/mz/Projects/uhbs-standard/.venv/bin/python /Users/mz/Projects/uhbs-standard/scripts/tracker.py log-run-finish --unit-id qeeqbox-honeypots-sip --mode full --out-dir /Users/mz/Projects/uhbs-standard/docs/conformance/latest/results-5.0.1/qeeqbox-honeypots/sip/full --cast-path /Users/mz/Projects/uhbs-standard/docs/conformance/latest/results-5.0.1/qeeqbox-honeypots/sip/full/proof/full-run.cast
{"ok": true, "run_id": "630991737a0943e6b2ea0d0d91aa9201", "unit_id": "qeeqbox-honeypots-sip", "run_mode": "full", "run_status": "succeeded", "artifacts": [{"artifact_id": "c48007236d364e249c7f4e91bc5b7ae7", "type": "readme", "exists": true}, {"artifact_id": "2f4bac8abac0457a8f015b10ab030743", "type": "scorecard", "exists": true}, {"artifact_id": "8fa925c3a3384b4e9f9b2a797b8a7ac7", "type": "report_txt", "exists": true}, {"artifact_id": "1a7b31ac31f2403885f4755e71f240f7", "type": "report_json", "exists": true}, {"artifact_id": "3bc672dbb01a4ffa9617327358263844", "type": "manifest", "exists": true}, {"artifact_id": "c0873cfa5e434f8385120034ab1acf06", "type": "run_meta", "exists": true}, {"artifact_id": "c7103b0da0cf4021a6849e177fa5a72c", "type": "run_log", "exists": true}, {"artifact_id": "efad4fa0cf354188a94174c2da37d47c", "type": "cast", "exists": true}]}
+ docker rm -f uhbs-target-qeeqbox-honeypots-sip
uhbs-target-qeeqbox-honeypots-sip
validate_unit: exit 1
FAIL qeeqbox-honeypots-sip
- upstream_commit is not recorded on the unit
- fixture_path does not exist: docs/conformance/fixtures/qeeqbox-honeypots-sip.scorecard.json
- quick: hash mismatch for uhbs-run.log: 46a8d3c37abe4c47a91a3f1785c3396957a9b6894604d9ee477561241418ec94 != 9ea959e22821bbf22d2f20d5635e53317ce2bf0f805c7973d84eb23a9267abcb
- full: hash mismatch for proof/full-run.cast: be70d4a6154668e7f48fdd48de7ce7fdca746159d4b9aaf5b4a7dea3342775b9 != f8f5aefc8bc23dc0867d4bff7ff20e11ce8b59d5ae2dc777d7cb9c14acb46dad
- full: hash mismatch for uhbs-run.log: 8ae75d25cd5213b76207fe831b8ffc6df71ccdff739ec2fcf45f5d028bce8b05 != 7837d15bd8d7246ecbe5f53b34c06143c78fc7da7dbef897fdae8a928d6225a8
- full: Module C incomplete (complete=false) — fix telemetry sink wiring / inject before publishing a full grade
- full: Module C empty/missing telemetry sink ('0 malformed / 0 records')
- full run_executions.base_image is not recorded
- full run_executions.container_runtime_strategy is not recorded


=== qeeqbox-honeypots-sip summary
  quick: UHQS=13.3 grade=F (Fail)
  full: UHQS=19.33 grade=F (Fail)
exit=0 qeeqbox-honeypots-sip
=== qeeqbox-honeypots-smb (13:22:58Z)
site resolved: qeeqbox-honeypots-smb (alias qeeqbox-lab, telemetry_dir /telemetry)
+ docker network create uhbs-lab
Error response from daemon: network with name uhbs-lab already exists
+ docker rm -f uhbs-target-qeeqbox-honeypots-smb
+ docker run -d --name uhbs-target-qeeqbox-honeypots-smb --label uhbs.unit=qeeqbox-honeypots-smb --network uhbs-lab --network-alias qeeqbox-lab -v /Users/mz/Projects/uhbs-standard/.local/labs/qeeqbox-honeypots-telemetry:/telemetry:rw qeeqbox-honeypots:uhbs-lab python3 -m honeypots --termination-strategy signal --setup smb:445
2409c5c51d3ff17cc8c25debc8c88421a17530440c797140dc82e503ac5acdf5
+ docker run --rm --network uhbs-lab -v /Users/mz/Projects/uhbs-standard:/work -w /work --entrypoint python3 uhbs:5.0.1 scripts/preflight_unit.py --inventory /work/docs/conformance/labs/qeeqbox-honeypots/inventory.yaml --site qeeqbox-honeypots-smb --json --timeout 3.0 --tps /work/docs/conformance/labs/qeeqbox-honeypots/low_interaction_smb_full.yaml
preflight attempt 1: smb:port_closed
+ docker run --rm --network uhbs-lab -v /Users/mz/Projects/uhbs-standard:/work -w /work --entrypoint python3 uhbs:5.0.1 scripts/preflight_unit.py --inventory /work/docs/conformance/labs/qeeqbox-honeypots/inventory.yaml --site qeeqbox-honeypots-smb --json --timeout 3.0 --tps /work/docs/conformance/labs/qeeqbox-honeypots/low_interaction_smb_full.yaml
preflight PASS: [{"protocol": "smb", "host": "qeeqbox-lab", "port": 445, "reachable": true, "class": "reachable", "detail": "tcp connect ok"}]
=== grading qeeqbox-honeypots-smb [quick] -> docs/conformance/latest/results-5.0.1/qeeqbox-honeypots/smb/quick
graded ok; log: docs/conformance/latest/results-5.0.1/qeeqbox-honeypots/smb/quick/uhbs-run.log
+ /Users/mz/Projects/uhbs-standard/.venv/bin/python /Users/mz/Projects/uhbs-standard/scripts/tracker.py log-run-start --unit-id qeeqbox-honeypots-smb --mode quick --uhbs-version 5.0.1 --grader-image uhbs:5.0.1 --target-image qeeqbox-honeypots:uhbs-lab --telemetry-mode mounted --airgap-attested
{"ok": true, "run_id": "e4e29e39d1334ec384648dd1ad6fa0af", "unit_id": "qeeqbox-honeypots-smb", "run_mode": "quick", "started_at": "2026-09-28T13:23:12Z"}
+ /Users/mz/Projects/uhbs-standard/.venv/bin/python /Users/mz/Projects/uhbs-standard/scripts/tracker.py log-run-finish --unit-id qeeqbox-honeypots-smb --mode quick --out-dir /Users/mz/Projects/uhbs-standard/docs/conformance/latest/results-5.0.1/qeeqbox-honeypots/smb/quick
{"ok": true, "run_id": "e4e29e39d1334ec384648dd1ad6fa0af", "unit_id": "qeeqbox-honeypots-smb", "run_mode": "quick", "run_status": "succeeded", "artifacts": [{"artifact_id": "a23aa3a83a26406ab080fe3eb0f17eed", "type": "readme", "exists": true}, {"artifact_id": "a2d64a3bb3c54f479aec035c5a843ffe", "type": "scorecard", "exists": true}, {"artifact_id": "7d1dce04ad484ae890f767e68cc7b718", "type": "report_txt", "exists": true}, {"artifact_id": "997d578c16ac46e8b45dfed6cf775957", "type": "report_json", "exists": true}, {"artifact_id": "35a5938361684b9f83894e3a8e6e32f5", "type": "manifest", "exists": true}, {"artifact_id": "baaea7a6b6a34c1f98ea079e7ff1c014", "type": "run_meta", "exists": true}, {"artifact_id": "5380bc68252645e8a3b39482c417fe35", "type": "run_log", "exists": true}]}
=== grading qeeqbox-honeypots-smb [full] -> docs/conformance/latest/results-5.0.1/qeeqbox-honeypots/smb/full
graded ok; log: docs/conformance/latest/results-5.0.1/qeeqbox-honeypots/smb/full/uhbs-run.log
+ /Users/mz/Projects/uhbs-standard/.venv/bin/python /Users/mz/Projects/uhbs-standard/scripts/tracker.py log-run-start --unit-id qeeqbox-honeypots-smb --mode full --uhbs-version 5.0.1 --grader-image uhbs:5.0.1-full --target-image qeeqbox-honeypots:uhbs-lab --telemetry-mode mounted --airgap-attested
{"ok": true, "run_id": "f00cc04ca5ad4f0abfa74ccfb9196528", "unit_id": "qeeqbox-honeypots-smb", "run_mode": "full", "started_at": "2026-09-28T13:23:31Z"}
+ /Users/mz/Projects/uhbs-standard/.venv/bin/python /Users/mz/Projects/uhbs-standard/scripts/tracker.py log-run-finish --unit-id qeeqbox-honeypots-smb --mode full --out-dir /Users/mz/Projects/uhbs-standard/docs/conformance/latest/results-5.0.1/qeeqbox-honeypots/smb/full --cast-path /Users/mz/Projects/uhbs-standard/docs/conformance/latest/results-5.0.1/qeeqbox-honeypots/smb/full/proof/full-run.cast
{"ok": true, "run_id": "f00cc04ca5ad4f0abfa74ccfb9196528", "unit_id": "qeeqbox-honeypots-smb", "run_mode": "full", "run_status": "succeeded", "artifacts": [{"artifact_id": "49fccc041fa241b983458a1e0e938c48", "type": "readme", "exists": true}, {"artifact_id": "307460c5e5f94708bc879245b2dcf923", "type": "scorecard", "exists": true}, {"artifact_id": "bdc3e180c5b840c2ab3fdc26350fdff5", "type": "report_txt", "exists": true}, {"artifact_id": "c9d004674a944dafa69105325c2bf4f4", "type": "report_json", "exists": true}, {"artifact_id": "91947c8976bc40c3a416664bc496e3be", "type": "manifest", "exists": true}, {"artifact_id": "ff3ec89fc0614c3991d1f7ef17e51a5f", "type": "run_meta", "exists": true}, {"artifact_id": "d5cdcbd812e249dba5a773a2b845d353", "type": "run_log", "exists": true}, {"artifact_id": "57eb685b40894ed2b869e95a08e147c0", "type": "cast", "exists": true}]}
+ docker rm -f uhbs-target-qeeqbox-honeypots-smb
uhbs-target-qeeqbox-honeypots-smb
validate_unit: exit 1
FAIL qeeqbox-honeypots-smb
- upstream_commit is not recorded on the unit
- fixture_path does not exist: docs/conformance/fixtures/qeeqbox-honeypots-smb.scorecard.json
- quick: hash mismatch for uhbs-run.log: 2e09d3e745d2688b3552801f157155a9c12805c38ea5fe26cb249007a6b5aa5c != b0a408f6d1ebc0a1b494fb6435da29458b60eca050c26d791cfaebcbef71c919
- full: hash mismatch for proof/full-run.cast: e5359179d03f65233022712991932fe1aeaaf656fdf9dbcae987a68a58f0aacc != bff9b5f867e0c6b1eac791388718ce44b7cee3c6d87c76092eb5895eb904f042
- full: hash mismatch for uhbs-run.log: 931b05bd344b4ae569fab36b337f1a20a50a6483443c00a214b81df0800758cd != b84cf0c094355abf2df14728e62431b35ec9f8437b68861ad74d08408b40e12d
- full: Module C incomplete (complete=false) — fix telemetry sink wiring / inject before publishing a full grade
- full: Module C empty/missing telemetry sink ('0 malformed / 0 records')
- full run_executions.base_image is not recorded
- full run_executions.container_runtime_strategy is not recorded


=== qeeqbox-honeypots-smb summary
  quick: UHQS=20.23 grade=F (Fail)
  full: UHQS=24.22 grade=F (Fail)
exit=0 qeeqbox-honeypots-smb
=== qeeqbox-honeypots-smtp (13:23:32Z)
site resolved: qeeqbox-smtp (alias qeeqbox-lab, telemetry_dir /telemetry)
+ docker network create uhbs-lab
Error response from daemon: network with name uhbs-lab already exists
+ docker rm -f uhbs-target-qeeqbox-honeypots-smtp
+ docker run -d --name uhbs-target-qeeqbox-honeypots-smtp --label uhbs.unit=qeeqbox-honeypots-smtp --network uhbs-lab --network-alias qeeqbox-lab -v /Users/mz/Projects/uhbs-standard/.local/labs/qeeqbox-honeypots-telemetry:/telemetry:rw qeeqbox-honeypots:uhbs-lab
b6a2c317a8228e344409a12b2c10a723c29677bb0687ccd3b47df2b2b8c24ae8
+ docker run --rm --network uhbs-lab -v /Users/mz/Projects/uhbs-standard:/work -w /work --entrypoint python3 uhbs:5.0.1 scripts/preflight_unit.py --inventory /work/docs/conformance/labs/qeeqbox-honeypots/inventory.yaml --site qeeqbox-smtp --json --timeout 3.0 --tps /work/docs/conformance/labs/qeeqbox-honeypots/low_interaction_smtp_full.yaml
preflight attempt 1: smtp:port_closed
+ docker run --rm --network uhbs-lab -v /Users/mz/Projects/uhbs-standard:/work -w /work --entrypoint python3 uhbs:5.0.1 scripts/preflight_unit.py --inventory /work/docs/conformance/labs/qeeqbox-honeypots/inventory.yaml --site qeeqbox-smtp --json --timeout 3.0 --tps /work/docs/conformance/labs/qeeqbox-honeypots/low_interaction_smtp_full.yaml
preflight PASS: [{"protocol": "smtp", "host": "qeeqbox-lab", "port": 19025, "reachable": true, "class": "reachable", "detail": "tcp connect ok"}]
=== grading qeeqbox-honeypots-smtp [quick] -> docs/conformance/latest/results-5.0.1/qeeqbox-honeypots/smtp/quick
graded ok; log: docs/conformance/latest/results-5.0.1/qeeqbox-honeypots/smtp/quick/uhbs-run.log
+ /Users/mz/Projects/uhbs-standard/.venv/bin/python /Users/mz/Projects/uhbs-standard/scripts/tracker.py log-run-start --unit-id qeeqbox-honeypots-smtp --mode quick --uhbs-version 5.0.1 --grader-image uhbs:5.0.1 --target-image qeeqbox-honeypots:uhbs-lab --telemetry-mode mounted --airgap-attested
{"ok": true, "run_id": "a7df7dca7a7c40d3b03a093246334736", "unit_id": "qeeqbox-honeypots-smtp", "run_mode": "quick", "started_at": "2026-09-28T13:23:52Z"}
+ /Users/mz/Projects/uhbs-standard/.venv/bin/python /Users/mz/Projects/uhbs-standard/scripts/tracker.py log-run-finish --unit-id qeeqbox-honeypots-smtp --mode quick --out-dir /Users/mz/Projects/uhbs-standard/docs/conformance/latest/results-5.0.1/qeeqbox-honeypots/smtp/quick
{"ok": true, "run_id": "a7df7dca7a7c40d3b03a093246334736", "unit_id": "qeeqbox-honeypots-smtp", "run_mode": "quick", "run_status": "succeeded", "artifacts": [{"artifact_id": "a18fab071a5c4e39a7a5cfea40769dbb", "type": "readme", "exists": true}, {"artifact_id": "c87c3910285a441d95258b4bdb75ad87", "type": "scorecard", "exists": true}, {"artifact_id": "768b566022ec47de844206b1a56f28b5", "type": "report_txt", "exists": true}, {"artifact_id": "2f4f511f47d446e480c0fbe0222e7556", "type": "report_json", "exists": true}, {"artifact_id": "bb63664ad80948cf82a1d57e5822b837", "type": "manifest", "exists": true}, {"artifact_id": "538585b29722455ca92b93b16ba1fc3e", "type": "run_meta", "exists": true}, {"artifact_id": "d078e0d9dc374226b520ca213f5ff66d", "type": "run_log", "exists": true}]}
=== grading qeeqbox-honeypots-smtp [full] -> docs/conformance/latest/results-5.0.1/qeeqbox-honeypots/smtp/full
graded ok; log: docs/conformance/latest/results-5.0.1/qeeqbox-honeypots/smtp/full/uhbs-run.log
+ /Users/mz/Projects/uhbs-standard/.venv/bin/python /Users/mz/Projects/uhbs-standard/scripts/tracker.py log-run-start --unit-id qeeqbox-honeypots-smtp --mode full --uhbs-version 5.0.1 --grader-image uhbs:5.0.1-full --target-image qeeqbox-honeypots:uhbs-lab --telemetry-mode mounted --airgap-attested
{"ok": true, "run_id": "472de8a78e95489fa8a835b796171504", "unit_id": "qeeqbox-honeypots-smtp", "run_mode": "full", "started_at": "2026-09-28T13:24:24Z"}
+ /Users/mz/Projects/uhbs-standard/.venv/bin/python /Users/mz/Projects/uhbs-standard/scripts/tracker.py log-run-finish --unit-id qeeqbox-honeypots-smtp --mode full --out-dir /Users/mz/Projects/uhbs-standard/docs/conformance/latest/results-5.0.1/qeeqbox-honeypots/smtp/full --cast-path /Users/mz/Projects/uhbs-standard/docs/conformance/latest/results-5.0.1/qeeqbox-honeypots/smtp/full/proof/full-run.cast
{"ok": true, "run_id": "472de8a78e95489fa8a835b796171504", "unit_id": "qeeqbox-honeypots-smtp", "run_mode": "full", "run_status": "succeeded", "artifacts": [{"artifact_id": "a0a56a348acc4cf883e3e35a982437d4", "type": "readme", "exists": true}, {"artifact_id": "eeb13e0ad0c64fb7b429a9ff6234fc00", "type": "scorecard", "exists": true}, {"artifact_id": "61497c57a37447d287569dcd308e0b86", "type": "report_txt", "exists": true}, {"artifact_id": "47199491caf6412ca5352835711e2754", "type": "report_json", "exists": true}, {"artifact_id": "aa22feab5e484dd5ae9f5517a59c987d", "type": "manifest", "exists": true}, {"artifact_id": "cc874eab02db4e138476b0ea44779ec6", "type": "run_meta", "exists": true}, {"artifact_id": "e4c8c37f9f4543958dd49fe579e81fc6", "type": "run_log", "exists": true}, {"artifact_id": "2c3a7d3289b5466bbb79d7bdfe046029", "type": "cast", "exists": true}]}
+ docker rm -f uhbs-target-qeeqbox-honeypots-smtp
uhbs-target-qeeqbox-honeypots-smtp
validate_unit: exit 1
FAIL qeeqbox-honeypots-smtp
- upstream_commit is not recorded on the unit
- quick: hash mismatch for uhbs-run.log: e402547dae7c75cf76aa0bb1ab2b343b949582c3d9854f6fc9cf2b6ed8d1af15 != 3b57d81263d81bbc3b23cb35c8448b444b6d3bcbbf0cbb88e96be8f422c2f14c
- full: hash mismatch for proof/full-run.cast: e2707069216e514b167cf0465c9bdcff134100f5c156656a3213a3489e0053ad != dfb4cac8b0632cf8caa44b3bc64baf9ad66c2f14e6fceebad212899515f8fc76
- full: hash mismatch for uhbs-run.log: 4fd62ccd42e924f623bcd0a30d4f070c27609ca978bb5eeead831cce2abe664e != 455cd28fa6b69610f573a1d7619dff9e4dc5a4a5c4538f1d4765e26635e3200d
- full: Module C incomplete (complete=false) — fix telemetry sink wiring / inject before publishing a full grade
- full: Module C empty/missing telemetry sink ('0 malformed / 0 records')
- full run_executions.base_image is not recorded
- full run_executions.container_runtime_strategy is not recorded


=== qeeqbox-honeypots-smtp summary
  quick: UHQS=20.44 grade=F (Fail)
  full: UHQS=24.44 grade=F (Fail)
exit=0 qeeqbox-honeypots-smtp
=== qeeqbox-honeypots-ssh (13:24:25Z)
site resolved: qeeqbox-ssh (alias qeeqbox-lab, telemetry_dir /telemetry)
+ docker network create uhbs-lab
Error response from daemon: network with name uhbs-lab already exists
+ docker rm -f uhbs-target-qeeqbox-honeypots-ssh
+ docker run -d --name uhbs-target-qeeqbox-honeypots-ssh --label uhbs.unit=qeeqbox-honeypots-ssh --network uhbs-lab --network-alias qeeqbox-lab -v /Users/mz/Projects/uhbs-standard/.local/labs/qeeqbox-honeypots-telemetry:/telemetry:rw qeeqbox-honeypots:uhbs-lab
b298ab6c1d9845a8080a4c0b322d5dd310d2e8a727333e75d5be50528da180e5
+ docker run --rm --network uhbs-lab -v /Users/mz/Projects/uhbs-standard:/work -w /work --entrypoint python3 uhbs:5.0.1 scripts/preflight_unit.py --inventory /work/docs/conformance/labs/qeeqbox-honeypots/inventory.yaml --site qeeqbox-ssh --json --timeout 3.0 --tps /work/docs/conformance/labs/qeeqbox-honeypots/low_interaction_ssh_full.yaml
preflight PASS: [{"protocol": "ssh", "host": "qeeqbox-lab", "port": 19022, "reachable": true, "class": "reachable", "detail": "tcp connect ok"}]
=== grading qeeqbox-honeypots-ssh [quick] -> docs/conformance/latest/results-5.0.1/qeeqbox-honeypots/ssh/quick
graded ok; log: docs/conformance/latest/results-5.0.1/qeeqbox-honeypots/ssh/quick/uhbs-run.log
+ /Users/mz/Projects/uhbs-standard/.venv/bin/python /Users/mz/Projects/uhbs-standard/scripts/tracker.py log-run-start --unit-id qeeqbox-honeypots-ssh --mode quick --uhbs-version 5.0.1 --grader-image uhbs:5.0.1 --target-image qeeqbox-honeypots:uhbs-lab --telemetry-mode mounted --airgap-attested
{"ok": true, "run_id": "cf1855ee38834764b593d334a708cca1", "unit_id": "qeeqbox-honeypots-ssh", "run_mode": "quick", "started_at": "2026-09-28T13:25:08Z"}
+ /Users/mz/Projects/uhbs-standard/.venv/bin/python /Users/mz/Projects/uhbs-standard/scripts/tracker.py log-run-finish --unit-id qeeqbox-honeypots-ssh --mode quick --out-dir /Users/mz/Projects/uhbs-standard/docs/conformance/latest/results-5.0.1/qeeqbox-honeypots/ssh/quick
{"ok": true, "run_id": "cf1855ee38834764b593d334a708cca1", "unit_id": "qeeqbox-honeypots-ssh", "run_mode": "quick", "run_status": "succeeded", "artifacts": [{"artifact_id": "632936a067134d0bb4adbfc62cc2b2a8", "type": "readme", "exists": true}, {"artifact_id": "1e6838ac388c4ee4bdf468eddb42843b", "type": "scorecard", "exists": true}, {"artifact_id": "7c9d8cf934b045c89720dd0e35f28968", "type": "report_txt", "exists": true}, {"artifact_id": "3222733daed248168b4ebd105afed569", "type": "report_json", "exists": true}, {"artifact_id": "e3e6f37f66524784a4f780c7d8af5c86", "type": "manifest", "exists": true}, {"artifact_id": "c2f6dd4386644fb48f6e8cf3b5fd1aa4", "type": "run_meta", "exists": true}, {"artifact_id": "dceae3165b984a90b88aeeeb33c21ca1", "type": "run_log", "exists": true}]}
=== grading qeeqbox-honeypots-ssh [full] -> docs/conformance/latest/results-5.0.1/qeeqbox-honeypots/ssh/full
graded ok; log: docs/conformance/latest/results-5.0.1/qeeqbox-honeypots/ssh/full/uhbs-run.log
+ /Users/mz/Projects/uhbs-standard/.venv/bin/python /Users/mz/Projects/uhbs-standard/scripts/tracker.py log-run-start --unit-id qeeqbox-honeypots-ssh --mode full --uhbs-version 5.0.1 --grader-image uhbs:5.0.1-full --target-image qeeqbox-honeypots:uhbs-lab --telemetry-mode mounted --airgap-attested
{"ok": true, "run_id": "98271fc739584a91aff0e3626921f90c", "unit_id": "qeeqbox-honeypots-ssh", "run_mode": "full", "started_at": "2026-09-28T13:28:32Z"}
+ /Users/mz/Projects/uhbs-standard/.venv/bin/python /Users/mz/Projects/uhbs-standard/scripts/tracker.py log-run-finish --unit-id qeeqbox-honeypots-ssh --mode full --out-dir /Users/mz/Projects/uhbs-standard/docs/conformance/latest/results-5.0.1/qeeqbox-honeypots/ssh/full --cast-path /Users/mz/Projects/uhbs-standard/docs/conformance/latest/results-5.0.1/qeeqbox-honeypots/ssh/full/proof/full-run.cast
{"ok": true, "run_id": "98271fc739584a91aff0e3626921f90c", "unit_id": "qeeqbox-honeypots-ssh", "run_mode": "full", "run_status": "succeeded", "artifacts": [{"artifact_id": "6c82d01b73d14aeeb896c9d92ae3f833", "type": "readme", "exists": true}, {"artifact_id": "b565e2d108394357a5b0a4cee662d267", "type": "scorecard", "exists": true}, {"artifact_id": "d1b7921cabe24e7d862b56c303b2a35e", "type": "report_txt", "exists": true}, {"artifact_id": "93eeae4eeaff4806bae832c485bb555e", "type": "report_json", "exists": true}, {"artifact_id": "95de2e9a8f7b41aab1a5efeeeccedcda", "type": "manifest", "exists": true}, {"artifact_id": "ca8fc98155a34593b0ce616c8e539d38", "type": "run_meta", "exists": true}, {"artifact_id": "0d1ece2d36b64c0196690e420371d2e9", "type": "run_log", "exists": true}, {"artifact_id": "b6f440af20f8413a94c2fc1388f8b3b5", "type": "cast", "exists": true}]}
+ docker rm -f uhbs-target-qeeqbox-honeypots-ssh
uhbs-target-qeeqbox-honeypots-ssh
validate_unit: exit 1
FAIL qeeqbox-honeypots-ssh
- upstream_commit is not recorded on the unit
- quick: hash mismatch for uhbs-run.log: 446546c9c2987bb1f32c18f8d64c950e0b89b1847fb92fd0ddc5650b4fc52a35 != 4662f766a67e6a024c37783625a2498a56b7e43a473d85ce827a443f8096db65
- full: hash mismatch for proof/full-run.cast: 76286fdbe1e04ad32ab3ea59af250add20758ec66e5e4a85f47ca6ac5c988675 != c758ec14bf931c2863911f5737741863137176c04b465869c061e237512f4923
- full: hash mismatch for uhbs-run.log: d377470ddebe32bdad8448e2c321abdc670c8af15049f924a1bb3e6c97e3e6ed != 1f49180703a72b8f83c55a26edeca10a7866a88b61f1f66638d094770bf6d66b
- full: Module C empty/missing telemetry sink ('0 malformed / 0 records')
- full run_executions.base_image is not recorded
- full run_executions.container_runtime_strategy is not recorded


=== qeeqbox-honeypots-ssh summary
  quick: UHQS=4.86 grade=F (Fail)
  full: UHQS=10.89 grade=F (Fail)
exit=0 qeeqbox-honeypots-ssh
=== qeeqbox-honeypots-telnet (13:28:33Z)
site resolved: qeeqbox-telnet (alias qeeqbox-lab, telemetry_dir /telemetry)
+ docker network create uhbs-lab
Error response from daemon: network with name uhbs-lab already exists
+ docker rm -f uhbs-target-qeeqbox-honeypots-telnet
+ docker run -d --name uhbs-target-qeeqbox-honeypots-telnet --label uhbs.unit=qeeqbox-honeypots-telnet --network uhbs-lab --network-alias qeeqbox-lab -v /Users/mz/Projects/uhbs-standard/.local/labs/qeeqbox-honeypots-telemetry:/telemetry:rw qeeqbox-honeypots:uhbs-lab
4fd4e2754e3826d353fd9566ae45792f7769e93dd7ffb07997fd17f40282a239
+ docker run --rm --network uhbs-lab -v /Users/mz/Projects/uhbs-standard:/work -w /work --entrypoint python3 uhbs:5.0.1 scripts/preflight_unit.py --inventory /work/docs/conformance/labs/qeeqbox-honeypots/inventory.yaml --site qeeqbox-telnet --json --timeout 3.0 --tps /work/docs/conformance/labs/qeeqbox-honeypots/low_interaction_telnet_full.yaml
preflight attempt 1: telnet:port_closed
+ docker run --rm --network uhbs-lab -v /Users/mz/Projects/uhbs-standard:/work -w /work --entrypoint python3 uhbs:5.0.1 scripts/preflight_unit.py --inventory /work/docs/conformance/labs/qeeqbox-honeypots/inventory.yaml --site qeeqbox-telnet --json --timeout 3.0 --tps /work/docs/conformance/labs/qeeqbox-honeypots/low_interaction_telnet_full.yaml
preflight PASS: [{"protocol": "telnet", "host": "qeeqbox-lab", "port": 19023, "reachable": true, "class": "reachable", "detail": "tcp connect ok"}]
=== grading qeeqbox-honeypots-telnet [quick] -> docs/conformance/latest/results-5.0.1/qeeqbox-honeypots/telnet/quick
graded ok; log: docs/conformance/latest/results-5.0.1/qeeqbox-honeypots/telnet/quick/uhbs-run.log
+ /Users/mz/Projects/uhbs-standard/.venv/bin/python /Users/mz/Projects/uhbs-standard/scripts/tracker.py log-run-start --unit-id qeeqbox-honeypots-telnet --mode quick --uhbs-version 5.0.1 --grader-image uhbs:5.0.1 --target-image qeeqbox-honeypots:uhbs-lab --telemetry-mode mounted --airgap-attested
{"ok": true, "run_id": "c6c0821458774a64b0089e84af84861b", "unit_id": "qeeqbox-honeypots-telnet", "run_mode": "quick", "started_at": "2026-09-28T13:28:48Z"}
+ /Users/mz/Projects/uhbs-standard/.venv/bin/python /Users/mz/Projects/uhbs-standard/scripts/tracker.py log-run-finish --unit-id qeeqbox-honeypots-telnet --mode quick --out-dir /Users/mz/Projects/uhbs-standard/docs/conformance/latest/results-5.0.1/qeeqbox-honeypots/telnet/quick
{"ok": true, "run_id": "c6c0821458774a64b0089e84af84861b", "unit_id": "qeeqbox-honeypots-telnet", "run_mode": "quick", "run_status": "succeeded", "artifacts": [{"artifact_id": "3659ce10e9964d769bd4fdb0d390382d", "type": "readme", "exists": true}, {"artifact_id": "677da04040e3476c8dd51fe51ca1d8d8", "type": "scorecard", "exists": true}, {"artifact_id": "d722230c2d714089a4fe4e23751af4ed", "type": "report_txt", "exists": true}, {"artifact_id": "eb3d55f022ab48d2a86871e366ea38ea", "type": "report_json", "exists": true}, {"artifact_id": "262fbd0854eb467e95f4b978eec60fd2", "type": "manifest", "exists": true}, {"artifact_id": "f96929248170400b9e9eaa1b5e4f1eea", "type": "run_meta", "exists": true}, {"artifact_id": "e94131d15da944f48057cb90ed0e0fde", "type": "run_log", "exists": true}]}
=== grading qeeqbox-honeypots-telnet [full] -> docs/conformance/latest/results-5.0.1/qeeqbox-honeypots/telnet/full
graded ok; log: docs/conformance/latest/results-5.0.1/qeeqbox-honeypots/telnet/full/uhbs-run.log
+ /Users/mz/Projects/uhbs-standard/.venv/bin/python /Users/mz/Projects/uhbs-standard/scripts/tracker.py log-run-start --unit-id qeeqbox-honeypots-telnet --mode full --uhbs-version 5.0.1 --grader-image uhbs:5.0.1-full --target-image qeeqbox-honeypots:uhbs-lab --telemetry-mode mounted --airgap-attested
{"ok": true, "run_id": "cbd7ab201079490d88852a6f104213ad", "unit_id": "qeeqbox-honeypots-telnet", "run_mode": "full", "started_at": "2026-09-28T13:29:15Z"}
+ /Users/mz/Projects/uhbs-standard/.venv/bin/python /Users/mz/Projects/uhbs-standard/scripts/tracker.py log-run-finish --unit-id qeeqbox-honeypots-telnet --mode full --out-dir /Users/mz/Projects/uhbs-standard/docs/conformance/latest/results-5.0.1/qeeqbox-honeypots/telnet/full --cast-path /Users/mz/Projects/uhbs-standard/docs/conformance/latest/results-5.0.1/qeeqbox-honeypots/telnet/full/proof/full-run.cast
{"ok": true, "run_id": "cbd7ab201079490d88852a6f104213ad", "unit_id": "qeeqbox-honeypots-telnet", "run_mode": "full", "run_status": "succeeded", "artifacts": [{"artifact_id": "ec0af143363c4f969dd6d8f9defd32d4", "type": "readme", "exists": true}, {"artifact_id": "036b26ae9f86406987f7b422fcf82c3f", "type": "scorecard", "exists": true}, {"artifact_id": "90132092d98849dea9c6be14a0bacb24", "type": "report_txt", "exists": true}, {"artifact_id": "58fb3b9bec444188b7493a830560d6b0", "type": "report_json", "exists": true}, {"artifact_id": "57806c1815aa459a953772e848ae2377", "type": "manifest", "exists": true}, {"artifact_id": "17666cd1703c4584a047f18d3ddbbca7", "type": "run_meta", "exists": true}, {"artifact_id": "e80ed74398c648a2af72c5a9904a2549", "type": "run_log", "exists": true}, {"artifact_id": "3bb98604431245c38ff5ab9ef51ce7ca", "type": "cast", "exists": true}]}
+ docker rm -f uhbs-target-qeeqbox-honeypots-telnet
uhbs-target-qeeqbox-honeypots-telnet
validate_unit: exit 1
FAIL qeeqbox-honeypots-telnet
- upstream_commit is not recorded on the unit
- quick: hash mismatch for uhbs-run.log: 60bf5cd411e95f466966bc75671aab4ae43426bd4935c2acb692c104041cdbce != 8d41cb54556ff199a469c7cbc0ac905afca63bfe712a266656f0cea8f8a66100
- full: hash mismatch for proof/full-run.cast: 670c8353e2d1f86fb2f3d3acceeaa66d30f01a725be831277eb61533973009b4 != b94b77115d23d54e0515976129ec91f3027f4583f9ee9947fb56c28bef6ea510
- full: hash mismatch for uhbs-run.log: 42441bca1d16ff97b5aba293e81c7561b00f87f156cb4a1be8ffcec7d5a0423a != 423527e110dd8d4bae5d2667e054dac31bde8d0f9fcca7b2b6b163e4483bad77
- full: Module C incomplete (complete=false) — fix telemetry sink wiring / inject before publishing a full grade
- full: Module C empty/missing telemetry sink ('0 malformed / 0 records')
- full run_executions.base_image is not recorded
- full run_executions.container_runtime_strategy is not recorded


=== qeeqbox-honeypots-telnet summary
  quick: UHQS=18.49 grade=F (Fail)
  full: UHQS=22.49 grade=F (Fail)
exit=0 qeeqbox-honeypots-telnet
=== qeeqbox-honeypots-vnc (13:29:16Z)
site resolved: qeeqbox-vnc (alias qeeqbox-lab, telemetry_dir /telemetry)
+ docker network create uhbs-lab
Error response from daemon: network with name uhbs-lab already exists
+ docker rm -f uhbs-target-qeeqbox-honeypots-vnc
+ docker run -d --name uhbs-target-qeeqbox-honeypots-vnc --label uhbs.unit=qeeqbox-honeypots-vnc --network uhbs-lab --network-alias qeeqbox-lab -v /Users/mz/Projects/uhbs-standard/.local/labs/qeeqbox-honeypots-telemetry:/telemetry:rw qeeqbox-honeypots:uhbs-lab
c1967c37f626c7846081780b5d8e02738493c80791e16d4df4d3a857967197e5
+ docker run --rm --network uhbs-lab -v /Users/mz/Projects/uhbs-standard:/work -w /work --entrypoint python3 uhbs:5.0.1 scripts/preflight_unit.py --inventory /work/docs/conformance/labs/qeeqbox-honeypots/inventory.yaml --site qeeqbox-vnc --json --timeout 3.0 --tps /work/docs/conformance/labs/qeeqbox-honeypots/low_interaction_vnc_full.yaml
preflight attempt 1: vnc:port_closed
+ docker run --rm --network uhbs-lab -v /Users/mz/Projects/uhbs-standard:/work -w /work --entrypoint python3 uhbs:5.0.1 scripts/preflight_unit.py --inventory /work/docs/conformance/labs/qeeqbox-honeypots/inventory.yaml --site qeeqbox-vnc --json --timeout 3.0 --tps /work/docs/conformance/labs/qeeqbox-honeypots/low_interaction_vnc_full.yaml
preflight PASS: [{"protocol": "vnc", "host": "qeeqbox-lab", "port": 19900, "reachable": true, "class": "reachable", "detail": "tcp connect ok"}]
=== grading qeeqbox-honeypots-vnc [quick] -> docs/conformance/latest/results-5.0.1/qeeqbox-honeypots/vnc/quick
graded ok; log: docs/conformance/latest/results-5.0.1/qeeqbox-honeypots/vnc/quick/uhbs-run.log
+ /Users/mz/Projects/uhbs-standard/.venv/bin/python /Users/mz/Projects/uhbs-standard/scripts/tracker.py log-run-start --unit-id qeeqbox-honeypots-vnc --mode quick --uhbs-version 5.0.1 --grader-image uhbs:5.0.1 --target-image qeeqbox-honeypots:uhbs-lab --telemetry-mode mounted --airgap-attested
{"ok": true, "run_id": "2e2e1b211ade45c9a9de3b2d50bdf0cf", "unit_id": "qeeqbox-honeypots-vnc", "run_mode": "quick", "started_at": "2026-09-28T13:29:34Z"}
+ /Users/mz/Projects/uhbs-standard/.venv/bin/python /Users/mz/Projects/uhbs-standard/scripts/tracker.py log-run-finish --unit-id qeeqbox-honeypots-vnc --mode quick --out-dir /Users/mz/Projects/uhbs-standard/docs/conformance/latest/results-5.0.1/qeeqbox-honeypots/vnc/quick
{"ok": true, "run_id": "2e2e1b211ade45c9a9de3b2d50bdf0cf", "unit_id": "qeeqbox-honeypots-vnc", "run_mode": "quick", "run_status": "succeeded", "artifacts": [{"artifact_id": "be9dd27e2bd14129b9a4ab37b2001b01", "type": "readme", "exists": true}, {"artifact_id": "427ad418de524afc93b2ef320b707117", "type": "scorecard", "exists": true}, {"artifact_id": "27d9b1d99dc04b8d9cfcffd7a900a053", "type": "report_txt", "exists": true}, {"artifact_id": "b358330da0e54d9cbd3f1902835c3bcd", "type": "report_json", "exists": true}, {"artifact_id": "c18e27e8eee4405fa51d3a850e046c63", "type": "manifest", "exists": true}, {"artifact_id": "a7f305d52d8345a0b9ae30037632f8fe", "type": "run_meta", "exists": true}, {"artifact_id": "9da9b72b17e84c8bab76883aba61e65b", "type": "run_log", "exists": true}]}
=== grading qeeqbox-honeypots-vnc [full] -> docs/conformance/latest/results-5.0.1/qeeqbox-honeypots/vnc/full
graded ok; log: docs/conformance/latest/results-5.0.1/qeeqbox-honeypots/vnc/full/uhbs-run.log
+ /Users/mz/Projects/uhbs-standard/.venv/bin/python /Users/mz/Projects/uhbs-standard/scripts/tracker.py log-run-start --unit-id qeeqbox-honeypots-vnc --mode full --uhbs-version 5.0.1 --grader-image uhbs:5.0.1-full --target-image qeeqbox-honeypots:uhbs-lab --telemetry-mode mounted --airgap-attested
{"ok": true, "run_id": "b657a4b557bf41fea70daf5436f94de1", "unit_id": "qeeqbox-honeypots-vnc", "run_mode": "full", "started_at": "2026-09-28T13:29:55Z"}
+ /Users/mz/Projects/uhbs-standard/.venv/bin/python /Users/mz/Projects/uhbs-standard/scripts/tracker.py log-run-finish --unit-id qeeqbox-honeypots-vnc --mode full --out-dir /Users/mz/Projects/uhbs-standard/docs/conformance/latest/results-5.0.1/qeeqbox-honeypots/vnc/full --cast-path /Users/mz/Projects/uhbs-standard/docs/conformance/latest/results-5.0.1/qeeqbox-honeypots/vnc/full/proof/full-run.cast
{"ok": true, "run_id": "b657a4b557bf41fea70daf5436f94de1", "unit_id": "qeeqbox-honeypots-vnc", "run_mode": "full", "run_status": "succeeded", "artifacts": [{"artifact_id": "c5d0f8d2856549daa9baab1135f376dd", "type": "readme", "exists": true}, {"artifact_id": "f37987fadfdc407e9c6f06785136e67f", "type": "scorecard", "exists": true}, {"artifact_id": "607f52f2893d415184c58be2196719e7", "type": "report_txt", "exists": true}, {"artifact_id": "d905dc2be1524071a9d5bf689fb8ad7d", "type": "report_json", "exists": true}, {"artifact_id": "648abe4e88c843b8b4593f78f4d3fe7e", "type": "manifest", "exists": true}, {"artifact_id": "b85a3c184b0f404d846edbb748b1721f", "type": "run_meta", "exists": true}, {"artifact_id": "bbe777c89fc24efebeded4de5800d410", "type": "run_log", "exists": true}, {"artifact_id": "7744b697f2f54571897b7f90353af528", "type": "cast", "exists": true}]}
+ docker rm -f uhbs-target-qeeqbox-honeypots-vnc
uhbs-target-qeeqbox-honeypots-vnc
validate_unit: exit 1
FAIL qeeqbox-honeypots-vnc
- upstream_commit is not recorded on the unit
- quick: hash mismatch for uhbs-run.log: ad9217f05dd8854a978930736d9f48ed392ee0d62eedd0242f235bc6787f3322 != 217d32d7d7dd6806f1523133ca1f92fc675b563503a88f9d636a1a0bd2aedd88
- full: hash mismatch for proof/full-run.cast: 5344508353daa8b01edb24fc702bf98bbf9eb9b14797692bbb822ec5f1e316b8 != 65ad66a6ac03ff001b44200ea4121f65df9915b92258e33b25f8c972a65dafd6
- full: hash mismatch for uhbs-run.log: 73585c770d3ec4a0e33c682f86d225bd05823aaaf1e59430fe2201132e611f23 != 541a6f6c8133a21c8e7aed4694ef30437ca7c292905951f0de71b5a1892d3d1a
- full: Module C incomplete (complete=false) — fix telemetry sink wiring / inject before publishing a full grade
- full: Module C empty/missing telemetry sink ('0 malformed / 0 records')
- full run_executions.base_image is not recorded
- full run_executions.container_runtime_strategy is not recorded


=== qeeqbox-honeypots-vnc summary
  quick: UHQS=23.07 grade=F (Fail)
  full: UHQS=29.11 grade=F (Fail)
exit=0 qeeqbox-honeypots-vnc
=== trapster-ftp (13:29:56Z)
site resolved: trapster-ftp (alias trapster-lab, telemetry_dir /telemetry)
+ docker network create uhbs-lab
Error response from daemon: network with name uhbs-lab already exists
+ docker rm -f uhbs-target-trapster-ftp
+ docker run -d --name uhbs-target-trapster-ftp --label uhbs.unit=trapster-ftp --network uhbs-lab --network-alias trapster-lab -v /Users/mz/Projects/uhbs-standard/.local/labs/trapster-telemetry:/telemetry:rw -v /Users/mz/Projects/uhbs-standard/.local/labs/trapster-runtime/ftp:/etc/trapster:ro trapster:uhbs-lab
6a0a0394848fe793f51a8ba2a146b872237c65f9bbd0f88d985c80f1c32cc4e8
+ docker run --rm --network uhbs-lab -v /Users/mz/Projects/uhbs-standard:/work -w /work --entrypoint python3 uhbs:5.0.1 scripts/preflight_unit.py --inventory /work/docs/conformance/labs/trapster/inventory.yaml --site trapster-ftp --json --timeout 3.0 --tps /work/docs/conformance/labs/trapster/low_interaction_ftp_full.yaml
preflight attempt 1: ftp:port_closed
+ docker run --rm --network uhbs-lab -v /Users/mz/Projects/uhbs-standard:/work -w /work --entrypoint python3 uhbs:5.0.1 scripts/preflight_unit.py --inventory /work/docs/conformance/labs/trapster/inventory.yaml --site trapster-ftp --json --timeout 3.0 --tps /work/docs/conformance/labs/trapster/low_interaction_ftp_full.yaml
preflight attempt 2: ftp:port_closed
+ docker run --rm --network uhbs-lab -v /Users/mz/Projects/uhbs-standard:/work -w /work --entrypoint python3 uhbs:5.0.1 scripts/preflight_unit.py --inventory /work/docs/conformance/labs/trapster/inventory.yaml --site trapster-ftp --json --timeout 3.0 --tps /work/docs/conformance/labs/trapster/low_interaction_ftp_full.yaml
preflight PASS: [{"protocol": "ftp", "host": "trapster-lab", "port": 2121, "reachable": true, "class": "reachable", "detail": "tcp connect ok"}]
=== grading trapster-ftp [quick] -> docs/conformance/latest/results-5.0.1/trapster/ftp/quick
graded ok; log: docs/conformance/latest/results-5.0.1/trapster/ftp/quick/uhbs-run.log
+ /Users/mz/Projects/uhbs-standard/.venv/bin/python /Users/mz/Projects/uhbs-standard/scripts/tracker.py log-run-start --unit-id trapster-ftp --mode quick --uhbs-version 5.0.1 --grader-image uhbs:5.0.1 --target-image trapster:uhbs-lab --telemetry-mode mounted --airgap-attested
{"ok": true, "run_id": "b68328c5207c4e26849709866477ccad", "unit_id": "trapster-ftp", "run_mode": "quick", "started_at": "2026-09-28T13:30:32Z"}
+ /Users/mz/Projects/uhbs-standard/.venv/bin/python /Users/mz/Projects/uhbs-standard/scripts/tracker.py log-run-finish --unit-id trapster-ftp --mode quick --out-dir /Users/mz/Projects/uhbs-standard/docs/conformance/latest/results-5.0.1/trapster/ftp/quick
{"ok": true, "run_id": "b68328c5207c4e26849709866477ccad", "unit_id": "trapster-ftp", "run_mode": "quick", "run_status": "succeeded", "artifacts": [{"artifact_id": "d69d5608e8d640c3ba5c3d40846c8f6d", "type": "readme", "exists": true}, {"artifact_id": "9bde8815d2ce4bffbdfe908fbbe3131d", "type": "scorecard", "exists": true}, {"artifact_id": "3ae88e650c794498b2c731dec77aab64", "type": "report_txt", "exists": true}, {"artifact_id": "811c51be3fd94faca7545d2c34cf10e8", "type": "report_json", "exists": true}, {"artifact_id": "d136575b848c4a27af2669df2dbfbc88", "type": "manifest", "exists": true}, {"artifact_id": "20e3e99f474441dfa089f7e0be6fc563", "type": "run_meta", "exists": true}, {"artifact_id": "eacb475cdf7d4acf8c9e56de77b4a815", "type": "run_log", "exists": true}]}
=== grading trapster-ftp [full] -> docs/conformance/latest/results-5.0.1/trapster/ftp/full
graded ok; log: docs/conformance/latest/results-5.0.1/trapster/ftp/full/uhbs-run.log
+ /Users/mz/Projects/uhbs-standard/.venv/bin/python /Users/mz/Projects/uhbs-standard/scripts/tracker.py log-run-start --unit-id trapster-ftp --mode full --uhbs-version 5.0.1 --grader-image uhbs:5.0.1-full --target-image trapster:uhbs-lab --telemetry-mode mounted --airgap-attested
{"ok": true, "run_id": "822fb0672dd349f3990ee0f34deadaf6", "unit_id": "trapster-ftp", "run_mode": "full", "started_at": "2026-09-28T13:31:08Z"}
+ /Users/mz/Projects/uhbs-standard/.venv/bin/python /Users/mz/Projects/uhbs-standard/scripts/tracker.py log-run-finish --unit-id trapster-ftp --mode full --out-dir /Users/mz/Projects/uhbs-standard/docs/conformance/latest/results-5.0.1/trapster/ftp/full --cast-path /Users/mz/Projects/uhbs-standard/docs/conformance/latest/results-5.0.1/trapster/ftp/full/proof/full-run.cast
{"ok": true, "run_id": "822fb0672dd349f3990ee0f34deadaf6", "unit_id": "trapster-ftp", "run_mode": "full", "run_status": "succeeded", "artifacts": [{"artifact_id": "9c2e61cbbab94e72a2cf65a843c25eed", "type": "readme", "exists": true}, {"artifact_id": "96e42343a3d84dffbc8c9782707c3de2", "type": "scorecard", "exists": true}, {"artifact_id": "b4c9c85f3a554cf8b53f44fc035b2a73", "type": "report_txt", "exists": true}, {"artifact_id": "804d647557154c108eadc02098776d3e", "type": "report_json", "exists": true}, {"artifact_id": "8c28502afe4242049d71777466945672", "type": "manifest", "exists": true}, {"artifact_id": "6aecfc7a65e1456793fc99ade5fffac4", "type": "run_meta", "exists": true}, {"artifact_id": "a03208b0561443ad8ab5ddedc6c6e844", "type": "run_log", "exists": true}, {"artifact_id": "891b61dd7e634adda68eb78061ea4b15", "type": "cast", "exists": true}]}
+ docker rm -f uhbs-target-trapster-ftp
uhbs-target-trapster-ftp
validate_unit: exit 1
FAIL trapster-ftp
- upstream_commit is not recorded on the unit
- quick: hash mismatch for uhbs-run.log: 3b0d7548c3e4fa9860173af898e89960d6b7e55acd74b027a27ea524a1dae051 != 70a78dd3345c6fb9df5ae18026091b7b5085bfb3b0db10df57d9c8fa3f8a90d0
- full: hash mismatch for proof/full-run.cast: 035e38491d532ab0734e39ac916a31f3ca6b27aaf46c486a97da5e57ee82c59e != f17e08d52c603bd71720fea1f535f3e2ce02afca03869d003b77ee63e8a97518
- full: hash mismatch for uhbs-run.log: 152bc6e18ba41772047d645cbc27b07859043ec6066f591e56a7affde70e7c6c != 91a6f75bb677de93103f48eaac3d6fddf76f642512f4506ce98319b4e8a8ff50
- full: Module C incomplete (complete=false) — fix telemetry sink wiring / inject before publishing a full grade
- full run_executions.base_image is not recorded
- full run_executions.container_runtime_strategy is not recorded


=== trapster-ftp summary
  quick: UHQS=15.44 grade=F (Fail)
  full: UHQS=20.4 grade=F (Fail)
exit=0 trapster-ftp
=== trapster-http (13:31:08Z)
site resolved: trapster-http (alias trapster-lab, telemetry_dir /telemetry)
+ docker network create uhbs-lab
Error response from daemon: network with name uhbs-lab already exists
+ docker rm -f uhbs-target-trapster-http
+ docker run -d --name uhbs-target-trapster-http --label uhbs.unit=trapster-http --network uhbs-lab --network-alias trapster-lab -v /Users/mz/Projects/uhbs-standard/.local/labs/trapster-telemetry:/telemetry:rw -v /Users/mz/Projects/uhbs-standard/.local/labs/trapster-runtime/http:/etc/trapster:ro trapster:uhbs-lab
9e15d2f875a6a108de5abea8ff569dd86e8b49b1a47fba02c72612bce1aed683
+ docker run --rm --network uhbs-lab -v /Users/mz/Projects/uhbs-standard:/work -w /work --entrypoint python3 uhbs:5.0.1 scripts/preflight_unit.py --inventory /work/docs/conformance/labs/trapster/inventory.yaml --site trapster-http --json --timeout 3.0 --tps /work/docs/conformance/labs/trapster/web_api_http_full.yaml
preflight attempt 1: http:port_closed
+ docker run --rm --network uhbs-lab -v /Users/mz/Projects/uhbs-standard:/work -w /work --entrypoint python3 uhbs:5.0.1 scripts/preflight_unit.py --inventory /work/docs/conformance/labs/trapster/inventory.yaml --site trapster-http --json --timeout 3.0 --tps /work/docs/conformance/labs/trapster/web_api_http_full.yaml
preflight PASS: [{"protocol": "http", "host": "trapster-lab", "port": 8080, "reachable": true, "class": "reachable", "detail": "tcp connect ok"}]
=== grading trapster-http [quick] -> docs/conformance/latest/results-5.0.1/trapster/http/quick
graded ok; log: docs/conformance/latest/results-5.0.1/trapster/http/quick/uhbs-run.log
+ /Users/mz/Projects/uhbs-standard/.venv/bin/python /Users/mz/Projects/uhbs-standard/scripts/tracker.py log-run-start --unit-id trapster-http --mode quick --uhbs-version 5.0.1 --grader-image uhbs:5.0.1 --target-image trapster:uhbs-lab --telemetry-mode mounted --airgap-attested
{"ok": true, "run_id": "7c2f1f232f754671ba756392adec9e91", "unit_id": "trapster-http", "run_mode": "quick", "started_at": "2026-09-28T13:31:37Z"}
+ /Users/mz/Projects/uhbs-standard/.venv/bin/python /Users/mz/Projects/uhbs-standard/scripts/tracker.py log-run-finish --unit-id trapster-http --mode quick --out-dir /Users/mz/Projects/uhbs-standard/docs/conformance/latest/results-5.0.1/trapster/http/quick
{"ok": true, "run_id": "7c2f1f232f754671ba756392adec9e91", "unit_id": "trapster-http", "run_mode": "quick", "run_status": "succeeded", "artifacts": [{"artifact_id": "05347f4f72d441f3afcddf187997c463", "type": "readme", "exists": true}, {"artifact_id": "806d1ab44b1b4d3d9bbd794650161211", "type": "scorecard", "exists": true}, {"artifact_id": "95569c949ef44da9bffcea40dff1fd2b", "type": "report_txt", "exists": true}, {"artifact_id": "fb5a3bdae3a340c8bfe47846a268b634", "type": "report_json", "exists": true}, {"artifact_id": "a87bb716a9b941559f34f8ff1aee8269", "type": "manifest", "exists": true}, {"artifact_id": "7350fe8cf10a4006b7f3961b57fbb5ae", "type": "run_meta", "exists": true}, {"artifact_id": "f373c17a0379462cb7acbd7006ae1c13", "type": "run_log", "exists": true}]}
=== grading trapster-http [full] -> docs/conformance/latest/results-5.0.1/trapster/http/full
graded ok; log: docs/conformance/latest/results-5.0.1/trapster/http/full/uhbs-run.log
+ /Users/mz/Projects/uhbs-standard/.venv/bin/python /Users/mz/Projects/uhbs-standard/scripts/tracker.py log-run-start --unit-id trapster-http --mode full --uhbs-version 5.0.1 --grader-image uhbs:5.0.1-full --target-image trapster:uhbs-lab --telemetry-mode mounted --airgap-attested
{"ok": true, "run_id": "c0e889156f2c4709958b96777ee5afc1", "unit_id": "trapster-http", "run_mode": "full", "started_at": "2026-09-28T13:32:13Z"}
+ /Users/mz/Projects/uhbs-standard/.venv/bin/python /Users/mz/Projects/uhbs-standard/scripts/tracker.py log-run-finish --unit-id trapster-http --mode full --out-dir /Users/mz/Projects/uhbs-standard/docs/conformance/latest/results-5.0.1/trapster/http/full --cast-path /Users/mz/Projects/uhbs-standard/docs/conformance/latest/results-5.0.1/trapster/http/full/proof/full-run.cast
{"ok": true, "run_id": "c0e889156f2c4709958b96777ee5afc1", "unit_id": "trapster-http", "run_mode": "full", "run_status": "succeeded", "artifacts": [{"artifact_id": "0c1523136c49443faa22f3ffa369bd98", "type": "readme", "exists": true}, {"artifact_id": "32913be0188c43e6b09a5ef0aed7e245", "type": "scorecard", "exists": true}, {"artifact_id": "8a42d9b11a824ab690cc536a020d5ee7", "type": "report_txt", "exists": true}, {"artifact_id": "b2fbe2b31973456f92ad186098cb9e26", "type": "report_json", "exists": true}, {"artifact_id": "7140ca0809e34b4e82fafc38e72bf7be", "type": "manifest", "exists": true}, {"artifact_id": "784407c93a984bd8904878a477166c82", "type": "run_meta", "exists": true}, {"artifact_id": "56cf67cd900941ea828fc698a54e5de3", "type": "run_log", "exists": true}, {"artifact_id": "194cff735418445d96ff8bcc2cba86e8", "type": "cast", "exists": true}]}
+ docker rm -f uhbs-target-trapster-http
uhbs-target-trapster-http
validate_unit: exit 1
FAIL trapster-http
- upstream_commit is not recorded on the unit
- quick: hash mismatch for uhbs-run.log: f3eeb2b5e8527e8e828e37a2aa993d655cf78777d3b850b9532df7249fa72cd6 != 10b75e078d2173a1b56ca3cc0d7a7620ee226128912821a42aa12b4b9f176fc7
- full: hash mismatch for proof/full-run.cast: 8579f8a5032b6cb195e304951cce37c5be7b79f7f394e01e28a979aa7a89f7f7 != e6dd9f413492467f37cd67ec33ffb14d5316a62cebf2222b88d6d618f11f9690
- full: hash mismatch for uhbs-run.log: dc61abcd8cd6fdd3ac9fed4deb6332b97e1d1d5eb3adce4b97e3a9179d975b8f != 8f4aeb5ff274b3090f37a418c8f53571c6cb025c01523b1c1c11ff6f00cbbb9f
- full run_executions.base_image is not recorded
- full run_executions.container_runtime_strategy is not recorded


=== trapster-http summary
  quick: UHQS=25.33 grade=F (Fail)
  full: UHQS=28.95 grade=F (Fail)
exit=0 trapster-http
=== trapster-ssh (13:32:14Z)
site resolved: trapster-ssh (alias trapster-lab, telemetry_dir /telemetry)
+ docker network create uhbs-lab
Error response from daemon: network with name uhbs-lab already exists
+ docker rm -f uhbs-target-trapster-ssh
+ docker run -d --name uhbs-target-trapster-ssh --label uhbs.unit=trapster-ssh --network uhbs-lab --network-alias trapster-lab -v /Users/mz/Projects/uhbs-standard/.local/labs/trapster-telemetry:/telemetry:rw -v /Users/mz/Projects/uhbs-standard/.local/labs/trapster-runtime/ssh:/etc/trapster:ro trapster:uhbs-lab
e2313c8f14922280073fef1b914a598cabbf6d2c91c2ec671ff773ffd7b68634
+ docker run --rm --network uhbs-lab -v /Users/mz/Projects/uhbs-standard:/work -w /work --entrypoint python3 uhbs:5.0.1 scripts/preflight_unit.py --inventory /work/docs/conformance/labs/trapster/inventory.yaml --site trapster-ssh --json --timeout 3.0 --tps /work/docs/conformance/labs/trapster/low_interaction_ssh_full.yaml
preflight attempt 1: ssh:port_closed
+ docker run --rm --network uhbs-lab -v /Users/mz/Projects/uhbs-standard:/work -w /work --entrypoint python3 uhbs:5.0.1 scripts/preflight_unit.py --inventory /work/docs/conformance/labs/trapster/inventory.yaml --site trapster-ssh --json --timeout 3.0 --tps /work/docs/conformance/labs/trapster/low_interaction_ssh_full.yaml
preflight PASS: [{"protocol": "ssh", "host": "trapster-lab", "port": 2222, "reachable": true, "class": "reachable", "detail": "tcp connect ok"}]
=== grading trapster-ssh [quick] -> docs/conformance/latest/results-5.0.1/trapster/ssh/quick
graded ok; log: docs/conformance/latest/results-5.0.1/trapster/ssh/quick/uhbs-run.log
+ /Users/mz/Projects/uhbs-standard/.venv/bin/python /Users/mz/Projects/uhbs-standard/scripts/tracker.py log-run-start --unit-id trapster-ssh --mode quick --uhbs-version 5.0.1 --grader-image uhbs:5.0.1 --target-image trapster:uhbs-lab --telemetry-mode mounted --airgap-attested
{"ok": true, "run_id": "82d7a21892fa4ed0a7fe9381a49e0eb3", "unit_id": "trapster-ssh", "run_mode": "quick", "started_at": "2026-09-28T13:32:50Z"}
+ /Users/mz/Projects/uhbs-standard/.venv/bin/python /Users/mz/Projects/uhbs-standard/scripts/tracker.py log-run-finish --unit-id trapster-ssh --mode quick --out-dir /Users/mz/Projects/uhbs-standard/docs/conformance/latest/results-5.0.1/trapster/ssh/quick
{"ok": true, "run_id": "82d7a21892fa4ed0a7fe9381a49e0eb3", "unit_id": "trapster-ssh", "run_mode": "quick", "run_status": "succeeded", "artifacts": [{"artifact_id": "cc340eb652bf468f9b8d33e4a1ca0e66", "type": "readme", "exists": true}, {"artifact_id": "695aa3000de24a4196101df5f6d5a4e6", "type": "scorecard", "exists": true}, {"artifact_id": "4a9dd9e33a3e44a88f129496108cfa33", "type": "report_txt", "exists": true}, {"artifact_id": "f90da75959e648b4b2acd72a7a3fc12d", "type": "report_json", "exists": true}, {"artifact_id": "aad3d7187cb04472a1da667fba1e4d02", "type": "manifest", "exists": true}, {"artifact_id": "97cd438ec8524fc09fa317c8e78060fc", "type": "run_meta", "exists": true}, {"artifact_id": "56f168b8ee1c4b4ca22a50bdbb1fcb93", "type": "run_log", "exists": true}]}
=== grading trapster-ssh [full] -> docs/conformance/latest/results-5.0.1/trapster/ssh/full
graded ok; log: docs/conformance/latest/results-5.0.1/trapster/ssh/full/uhbs-run.log
+ /Users/mz/Projects/uhbs-standard/.venv/bin/python /Users/mz/Projects/uhbs-standard/scripts/tracker.py log-run-start --unit-id trapster-ssh --mode full --uhbs-version 5.0.1 --grader-image uhbs:5.0.1-full --target-image trapster:uhbs-lab --telemetry-mode mounted --airgap-attested
{"ok": true, "run_id": "e7636aa4eed44856a19763d8d6405cc8", "unit_id": "trapster-ssh", "run_mode": "full", "started_at": "2026-09-28T13:33:39Z"}
+ /Users/mz/Projects/uhbs-standard/.venv/bin/python /Users/mz/Projects/uhbs-standard/scripts/tracker.py log-run-finish --unit-id trapster-ssh --mode full --out-dir /Users/mz/Projects/uhbs-standard/docs/conformance/latest/results-5.0.1/trapster/ssh/full --cast-path /Users/mz/Projects/uhbs-standard/docs/conformance/latest/results-5.0.1/trapster/ssh/full/proof/full-run.cast
{"ok": true, "run_id": "e7636aa4eed44856a19763d8d6405cc8", "unit_id": "trapster-ssh", "run_mode": "full", "run_status": "succeeded", "artifacts": [{"artifact_id": "a036b12d4aec49c38ef3f9fcd4911fff", "type": "readme", "exists": true}, {"artifact_id": "4d8260c46495466c89d1a79cbf3f2a15", "type": "scorecard", "exists": true}, {"artifact_id": "44fbd125359a448ea754c964aafe03af", "type": "report_txt", "exists": true}, {"artifact_id": "f26cb5d9182d4929a72ee2d7ad1fae7b", "type": "report_json", "exists": true}, {"artifact_id": "1d2ec893653944dab99d2d62f543e09c", "type": "manifest", "exists": true}, {"artifact_id": "fa6e5d1b7730434d85e65c1a8f949daa", "type": "run_meta", "exists": true}, {"artifact_id": "4bee480c2bfb4072a2b0b9ea6e5445de", "type": "run_log", "exists": true}, {"artifact_id": "e0901e7dfebd46859975d403f7780270", "type": "cast", "exists": true}]}
+ docker rm -f uhbs-target-trapster-ssh
uhbs-target-trapster-ssh
validate_unit: exit 1
FAIL trapster-ssh
- upstream_commit is not recorded on the unit
- quick: hash mismatch for uhbs-run.log: 3f340ee574a4ca02c5a06aa3ded2b9df986ba886a443d1852ced56be4683e16a != 4275c43c2125c17bb150b0b6f5edd00c1d367a23b1cc8a7fc75f0eb15b0cb3a8
- full: hash mismatch for proof/full-run.cast: 4225d6121e1f69c08291d622003573b2106af2bb1839567abb1ec251674ba7d0 != dbb2dea8bf6e0f82e279d7fd5d4b9083ac990fa3768bbb7e40aa811c9dc7b376
- full: hash mismatch for uhbs-run.log: 3a9dcb26a6922a318341b2e3552a4ec43dc154fb6ef85d48bf020b631ddfac07 != 7f022447ce7d4881ba8c6484473335fa6eaeee9cd23fde801e76082a723fa010
- full run_executions.base_image is not recorded
- full run_executions.container_runtime_strategy is not recorded


=== trapster-ssh summary
  quick: UHQS=12.05 grade=F (Fail)
  full: UHQS=19.05 grade=F (Fail)
exit=0 trapster-ssh
=== trapster-telnet (13:33:39Z)
site resolved: trapster-telnet (alias trapster-lab, telemetry_dir /telemetry)
+ docker network create uhbs-lab
Error response from daemon: network with name uhbs-lab already exists
+ docker rm -f uhbs-target-trapster-telnet
+ docker run -d --name uhbs-target-trapster-telnet --label uhbs.unit=trapster-telnet --network uhbs-lab --network-alias trapster-lab -v /Users/mz/Projects/uhbs-standard/.local/labs/trapster-telemetry:/telemetry:rw -v /Users/mz/Projects/uhbs-standard/.local/labs/trapster-runtime/telnet:/etc/trapster:ro trapster:uhbs-lab
d259eddbc48d4147529ceafb25596caa548bb25e0e639809fcd92f512fc1883f
+ docker run --rm --network uhbs-lab -v /Users/mz/Projects/uhbs-standard:/work -w /work --entrypoint python3 uhbs:5.0.1 scripts/preflight_unit.py --inventory /work/docs/conformance/labs/trapster/inventory.yaml --site trapster-telnet --json --timeout 3.0 --tps /work/docs/conformance/labs/trapster/low_interaction_telnet_full.yaml
preflight attempt 1: telnet:port_closed
+ docker run --rm --network uhbs-lab -v /Users/mz/Projects/uhbs-standard:/work -w /work --entrypoint python3 uhbs:5.0.1 scripts/preflight_unit.py --inventory /work/docs/conformance/labs/trapster/inventory.yaml --site trapster-telnet --json --timeout 3.0 --tps /work/docs/conformance/labs/trapster/low_interaction_telnet_full.yaml
preflight PASS: [{"protocol": "telnet", "host": "trapster-lab", "port": 2323, "reachable": true, "class": "reachable", "detail": "tcp connect ok"}]
=== grading trapster-telnet [quick] -> docs/conformance/latest/results-5.0.1/trapster/telnet/quick
graded ok; log: docs/conformance/latest/results-5.0.1/trapster/telnet/quick/uhbs-run.log
+ /Users/mz/Projects/uhbs-standard/.venv/bin/python /Users/mz/Projects/uhbs-standard/scripts/tracker.py log-run-start --unit-id trapster-telnet --mode quick --uhbs-version 5.0.1 --grader-image uhbs:5.0.1 --target-image trapster:uhbs-lab --telemetry-mode mounted --airgap-attested
{"ok": true, "run_id": "4fd1328cf76a4b18adda39938d774781", "unit_id": "trapster-telnet", "run_mode": "quick", "started_at": "2026-09-28T13:34:01Z"}
+ /Users/mz/Projects/uhbs-standard/.venv/bin/python /Users/mz/Projects/uhbs-standard/scripts/tracker.py log-run-finish --unit-id trapster-telnet --mode quick --out-dir /Users/mz/Projects/uhbs-standard/docs/conformance/latest/results-5.0.1/trapster/telnet/quick
{"ok": true, "run_id": "4fd1328cf76a4b18adda39938d774781", "unit_id": "trapster-telnet", "run_mode": "quick", "run_status": "succeeded", "artifacts": [{"artifact_id": "f50bdc483f6945b9a22c7a82e3c4b9f7", "type": "readme", "exists": true}, {"artifact_id": "57d8b945286848519e352cb8288b1c00", "type": "scorecard", "exists": true}, {"artifact_id": "d39a70a5b24c4ac88245ef861b8de6f1", "type": "report_txt", "exists": true}, {"artifact_id": "0bc7b6214ac64db0a6f997c55e6cf13f", "type": "report_json", "exists": true}, {"artifact_id": "7248db8f2cf44298befecf713ae004f8", "type": "manifest", "exists": true}, {"artifact_id": "092958ad48a940bab78ad1560211587f", "type": "run_meta", "exists": true}, {"artifact_id": "3ff92fe7bc8c4a73bf515ad5ce124ebf", "type": "run_log", "exists": true}]}
=== grading trapster-telnet [full] -> docs/conformance/latest/results-5.0.1/trapster/telnet/full
graded ok; log: docs/conformance/latest/results-5.0.1/trapster/telnet/full/uhbs-run.log
+ /Users/mz/Projects/uhbs-standard/.venv/bin/python /Users/mz/Projects/uhbs-standard/scripts/tracker.py log-run-start --unit-id trapster-telnet --mode full --uhbs-version 5.0.1 --grader-image uhbs:5.0.1-full --target-image trapster:uhbs-lab --telemetry-mode mounted --airgap-attested
{"ok": true, "run_id": "efaf86f1525e47979bf57ce0026ec625", "unit_id": "trapster-telnet", "run_mode": "full", "started_at": "2026-09-28T13:34:27Z"}
+ /Users/mz/Projects/uhbs-standard/.venv/bin/python /Users/mz/Projects/uhbs-standard/scripts/tracker.py log-run-finish --unit-id trapster-telnet --mode full --out-dir /Users/mz/Projects/uhbs-standard/docs/conformance/latest/results-5.0.1/trapster/telnet/full --cast-path /Users/mz/Projects/uhbs-standard/docs/conformance/latest/results-5.0.1/trapster/telnet/full/proof/full-run.cast
{"ok": true, "run_id": "efaf86f1525e47979bf57ce0026ec625", "unit_id": "trapster-telnet", "run_mode": "full", "run_status": "succeeded", "artifacts": [{"artifact_id": "3c9872deb0364e5fb3b5688da46cbb84", "type": "readme", "exists": true}, {"artifact_id": "989aa6df4bb04bb2b506e51392c4aef6", "type": "scorecard", "exists": true}, {"artifact_id": "99140766d15742a7be5421f8701b691a", "type": "report_txt", "exists": true}, {"artifact_id": "6c915564b90d417b807876ada12a6127", "type": "report_json", "exists": true}, {"artifact_id": "9d580a730cbc4ba5aa7742505a391bf3", "type": "manifest", "exists": true}, {"artifact_id": "35703404c15647708d23a387aa13f72a", "type": "run_meta", "exists": true}, {"artifact_id": "66c560d9f4b04adb92d16a654223ae4b", "type": "run_log", "exists": true}, {"artifact_id": "c762e20055db44fd979b76153a126823", "type": "cast", "exists": true}]}
+ docker rm -f uhbs-target-trapster-telnet
uhbs-target-trapster-telnet
validate_unit: exit 1
FAIL trapster-telnet
- upstream_commit is not recorded on the unit
- quick: hash mismatch for uhbs-run.log: 6c69d3256587c7e9884e61a4eb54b5c8a816d02f8c8b1882db2bf22866b2a076 != 1e5a5b47fe50a8dfc2a8e0f6a7e3e1ce6d08386ef78263e7668013d688d7099c
- full: hash mismatch for proof/full-run.cast: b3a81ae8b4df95742ff198c1c067ced68932dfb852b76572d811edc1bb7e521c != 556829793eb6056ed8ec41b892e86c9114d4f0bec1590eaa62c022f8dfce9dfe
- full: hash mismatch for uhbs-run.log: 922a941c124bc3e216940164160d8b77781ebe82b1a34342144d973deb872d64 != 3218878b397f70a1722f1bd10b72d3cadfbe2959a8aa75d752fe6ad02db5d2d0
- full: Module C incomplete (complete=false) — fix telemetry sink wiring / inject before publishing a full grade
- full run_executions.base_image is not recorded
- full run_executions.container_runtime_strategy is not recorded


=== trapster-telnet summary
  quick: UHQS=24.49 grade=F (Fail)
  full: UHQS=31.49 grade=F (Fail)
exit=0 trapster-telnet
ALL-DONE
